graph_size,beta_exp,seed,degree,data_fit,complexity,constant,fro
20,0.01,0,1,[[-10.00000089]],-0.41244225714766636,-18.37877066409345,0.2851554549992888
20,0.01,0,2,[[-10.00002089]],1.4635882329499106,-18.37877066409345,0.46663833196061566
20,0.01,0,3,[[-10.00000158]],1.6278801237583873,-18.37877066409345,0.6134290234375965
20,0.01,0,4,[[-10.00000053]],1.7207490611921803,-18.37877066409345,0.6864930946332666
20,0.01,0,5,[[-9.99911584]],3.611502003898896,-18.37877066409345,0.7788454394601271
20,0.01,0,6,[[-9.99455895]],5.726248782336773,-18.37877066409345,0.77723920199251
20,0.01,0,7,[[-10.00074485]],6.791588801126712,-18.37877066409345,0.8079918089362823
20,0.01,0,8,[[-10.00007773]],6.894652603576242,-18.37877066409345,0.7686861729242082
20,0.01,0,9,[[-10.02311899]],6.319202045261459,-18.37877066409345,0.7564579650132423
20,0.01,0,10,[[-9.98999975]],6.634492361557263,-18.37877066409345,0.7560307733090535
20,0.01,1,1,[[-10.00000142]],-1.9322617050015245,-18.37877066409345,0.17563826786802733
20,0.01,1,2,[[-10.00006337]],-0.8405979918655384,-18.37877066409345,0.36545544491775556
20,0.01,1,3,[[-10.00000007]],-0.8405317882409378,-18.37877066409345,0.36855691076084846
20,0.01,1,4,[[-10.0002032]],-0.8396870922602774,-18.37877066409345,0.3713288755271523
20,0.01,1,5,[[-10.0003259]],-0.8394139700782257,-18.37877066409345,0.3705623116840505
20,0.01,1,6,[[-9.99998729]],-0.8284826944844496,-18.37877066409345,0.3713084049660085
20,0.01,1,7,[[-9.99992773]],-0.8253370765854127,-18.37877066409345,0.3724998336768885
20,0.01,1,8,[[-10.00069611]],-0.8194816705045436,-18.37877066409345,0.3735123098498008
20,0.01,1,9,[[-9.99994101]],-1.1476881109475823,-18.37877066409345,0.45382517084508217
20,0.01,1,10,[[-9.99963995]],-0.7980101873688833,-18.37877066409345,0.3742850277876097
20,0.01,2,1,[[-10.00000132]],-1.9660746125507385,-18.37877066409345,0.1784213606514342
20,0.01,2,2,[[-10.00000007]],-1.8100453429801613,-18.37877066409345,0.2397177783355484
20,0.01,2,3,[[-9.99998981]],-1.8071777910107554,-18.37877066409345,0.2367198569079491
20,0.01,2,4,[[-9.99999674]],-1.2956223979332908,-18.37877066409345,0.4474861919504546
20,0.01,2,5,[[-9.9999849]],0.7640199640216985,-18.37877066409345,0.5686868121724982
20,0.01,2,6,[[-9.99965766]],0.6965157850985503,-18.37877066409345,0.6031044464537778
20,0.01,2,7,[[-9.99941264]],0.5972404387376125,-18.37877066409345,0.6468415748093949
20,0.01,2,8,[[-9.99966879]],0.7408892579347697,-18.37877066409345,0.5353824909707098
20,0.01,2,9,[[-10.0000748]],0.5914971342395642,-18.37877066409345,0.5175978995600076
20,0.01,2,10,[[-10.00151607]],0.6394313588697298,-18.37877066409345,0.5534323485548405
20,0.01,3,1,[[-10.]],0.6373921565382326,-18.37877066409345,0.06587399990841876
20,0.01,3,2,[[-9.99999991]],1.0563600490588008,-18.37877066409345,0.2512329229045454
20,0.01,3,3,[[-10.00000282]],1.0564331671884597,-18.37877066409345,0.24946310322627183
20,0.01,3,4,[[-10.00000613]],1.0872562179137322,-18.37877066409345,0.2550253201468772
20,0.01,3,5,[[-9.99995272]],1.486435249042098,-18.37877066409345,0.4571618522053939
20,0.01,3,6,[[-9.99956352]],3.4472665858895084,-18.37877066409345,0.8539034366644758
20,0.01,3,7,[[-9.99949605]],3.3477560291915403,-18.37877066409345,0.8724953601967953
20,0.01,3,8,[[-10.00008083]],3.2284088882528463,-18.37877066409345,0.8837299940908055
20,0.01,3,9,[[-10.00049924]],3.9528764133857663,-18.37877066409345,0.46389726943879167
20,0.01,3,10,[[-9.99902412]],1.559415999628426,-18.37877066409345,0.7986278189797238
20,0.01,4,1,[[-9.99999998]],5.197540313860356,-18.37877066409345,0.18713983775835885
20,0.01,4,2,[[-9.99999468]],5.232354804489923,-18.37877066409345,0.03824897139466769
20,0.01,4,3,[[-9.99995442]],6.421477253497876,-18.37877066409345,0.3836210388211835
20,0.01,4,4,[[-9.99998948]],6.431917269698766,-18.37877066409345,0.3780451842533939
20,0.01,4,5,[[-10.00002497]],6.851301723949118,-18.37877066409345,0.46054852221791287
20,0.01,4,6,[[-9.99970064]],6.885991032300177,-18.37877066409345,0.4506405217430682
20,0.01,4,7,[[-9.99974059]],6.9158296496477725,-18.37877066409345,0.442081060649613
20,0.01,4,8,[[-10.00189724]],6.947883200718518,-18.37877066409345,0.4335321825667416
20,0.01,4,9,[[-10.00312353]],6.973832827117419,-18.37877066409345,0.4277627148854911
20,0.01,4,10,[[-9.999529]],7.020511302537245,-18.37877066409345,0.42951274711585474
20,0.1,0,1,[[-10.]],0.20024491421571872,-18.37877066409345,0.3194342248394334
20,0.1,0,2,[[-10.00003042]],2.4361834180191817,-18.37877066409345,0.47213323055299533
20,0.1,0,3,[[-10.00000117]],2.654063711492801,-18.37877066409345,0.6425448848731063
20,0.1,0,4,[[-10.00000029]],2.7380915015556573,-18.37877066409345,0.7119810921083901
20,0.1,0,5,[[-9.99929707]],6.785702092300212,-18.37877066409345,0.7834285978841465
20,0.1,0,6,[[-10.03825979]],5.593258652706785,-18.37877066409345,0.8758950194151288
20,0.1,0,7,[[-10.00044137]],7.767217111036092,-18.37877066409345,0.8171202092354822
20,0.1,0,8,[[-10.0006249]],7.865842591187076,-18.37877066409345,0.7843565942350167
20,0.1,0,9,[[-9.99023287]],7.673726213177206,-18.37877066409345,0.7727917979684175
20,0.1,0,10,[[-10.0347626]],6.6929711552708895,-18.37877066409345,0.8716061683685353
20,0.1,1,1,[[-10.00000286]],-0.9385913827043496,-18.37877066409345,0.08950861032928115
20,0.1,1,2,[[-10.00001946]],0.09457781355557457,-18.37877066409345,0.33565810800575774
20,0.1,1,3,[[-10.00000179]],0.09549400582589339,-18.37877066409345,0.3270318545492941
20,0.1,1,4,[[-9.99998814]],0.09715186531134258,-18.37877066409345,0.33139199745509396
20,0.1,1,5,[[-10.000371]],0.09745911779569476,-18.37877066409345,0.33068574318325
20,0.1,1,6,[[-9.99964491]],0.10861739214985669,-18.37877066409345,0.3318216893957639
20,0.1,1,7,[[-9.99993897]],0.11156874576425417,-18.37877066409345,0.33282759739845946
20,0.1,1,8,[[-10.00057032]],0.11657490388620168,-18.37877066409345,0.3336436487308264
20,0.1,1,9,[[-9.99918291]],0.10361169767657874,-18.37877066409345,0.9830473160404667
20,0.1,1,10,[[-9.99935688]],0.13412211743205207,-18.37877066409345,0.3339900388551451
20,0.1,2,1,[[-10.00000305]],-1.0302863752414713,-18.37877066409345,0.09782047349073177
20,0.1,2,2,[[-10.00000807]],-0.9413776718024651,-18.37877066409345,0.15948130080097445
20,0.1,2,3,[[-9.9999582]],-0.9388084376636809,-18.37877066409345,0.15833323647425881
20,0.1,2,4,[[-9.99996945]],-0.39792066463434766,-18.37877066409345,0.4380170405608298
20,0.1,2,5,[[-9.99988328]],1.90650851577214,-18.37877066409345,0.5518087743653574
20,0.1,2,6,[[-9.9996128]],1.8437714242242997,-18.37877066409345,0.5807662122548617
20,0.1,2,7,[[-9.99995254]],1.9289724874745848,-18.37877066409345,0.5044202674125927
20,0.1,2,8,[[-9.99967916]],1.8879305999820555,-18.37877066409345,0.5104420710418769
20,0.1,2,9,[[-9.99985014]],1.8342699553914625,-18.37877066409345,0.5184630197195593
20,0.1,2,10,[[-10.00156768]],1.7701889077485058,-18.37877066409345,0.5287538018200184
20,0.1,3,1,[[-9.99999999]],1.6102209968671217,-18.37877066409345,0.09303452894923218
20,0.1,3,2,[[-9.99996008]],1.9984101116290378,-18.37877066409345,0.2786302889437591
20,0.1,3,3,[[-10.00000024]],2.000244464503405,-18.37877066409345,0.2704330333888303
20,0.1,3,4,[[-10.00009488]],2.0204412446731546,-18.37877066409345,0.2708864045916546
20,0.1,3,5,[[-9.99993289]],2.442167974688424,-18.37877066409345,0.46237638422617566
20,0.1,3,6,[[-9.99948174]],4.258900065006024,-18.37877066409345,0.8538986870273967
20,0.1,3,7,[[-9.99962498]],4.155729051100074,-18.37877066409345,0.8711099564676426
20,0.1,3,8,[[-9.9999752]],4.035805579408405,-18.37877066409345,0.8803072142833782
20,0.1,3,9,[[-10.00072938]],4.926979120611197,-18.37877066409345,0.5066959547951223
20,0.1,3,10,[[-10.00274598]],5.129967885175185,-18.37877066409345,0.5004627148469633
20,0.1,4,1,[[-9.99999978]],6.0833583030509795,-18.37877066409345,0.22639447400415047
20,0.1,4,2,[[-9.99999256]],6.141009068711962,-18.37877066409345,0.03945018209050308
20,0.1,4,3,[[-9.99997658]],7.220201483916931,-18.37877066409345,0.40575443479776013
20,0.1,4,4,[[-9.99999236]],7.231976791494928,-18.37877066409345,0.4010608785512905
20,0.1,4,5,[[-10.00006424]],7.6502088224477705,-18.37877066409345,0.47710358413374165
20,0.1,4,6,[[-9.99974428]],7.683310381435709,-18.37877066409345,0.467923123678789
20,0.1,4,7,[[-9.99959101]],7.71155309299423,-18.37877066409345,0.46000881226763707
20,0.1,4,8,[[-10.00002037]],7.79359713955431,-18.37877066409345,0.4425305207828742
20,0.1,4,9,[[-10.00497657]],7.717230489955998,-18.37877066409345,0.4585120799805687
20,0.1,4,10,[[-10.00042783]],7.776981615983964,-18.37877066409345,0.4452171949594264
20,1.0,0,1,[[-9.99999979]],4.293235986520738,-18.37877066409345,0.6380961104397248
20,1.0,0,2,[[-10.00052356]],11.33702053954639,-18.37877066409345,0.4454432233337496
20,1.0,0,3,[[-9.99991146]],12.622444480006356,-18.37877066409345,0.7739303283825191
20,1.0,0,4,[[-10.00000195]],12.675766173554257,-18.37877066409345,0.815243648541843
20,1.0,0,5,[[-9.99784576]],14.652948356863922,-18.37877066409345,0.8879220370012881
20,1.0,0,6,[[-10.00847571]],16.45624735897144,-18.37877066409345,0.892420810674804
20,1.0,0,7,[[-10.00110333]],16.7823973103193,-18.37877066409345,0.868875902446572
20,1.0,0,8,[[-9.99045279]],16.577607610924815,-18.37877066409345,0.8552888377908497
20,1.0,0,9,[[-10.00516952]],10.104036429938683,-18.37877066409345,0.8712107387412413
20,1.0,0,10,[[-10.01220942]],8.553246934529675,-18.37877066409345,0.8766237797191618
20,1.0,1,1,[[-9.99999848]],8.808874855752274,-18.37877066409345,0.3833946782128708
20,1.0,1,2,[[-9.99970632]],9.479325675004139,-18.37877066409345,0.6315560560974225
20,1.0,1,3,[[-9.99983229]],9.836588274685292,-18.37877066409345,0.5700404689338652
20,1.0,1,4,[[-9.99997845]],9.892531736261018,-18.37877066409345,0.5704493524774856
20,1.0,1,5,[[-9.99988712]],9.909822619403398,-18.37877066409345,0.5710883810107437
20,1.0,1,6,[[-10.00003479]],9.907298106274792,-18.37877066409345,0.5704515035934299
20,1.0,1,7,[[-10.00006379]],9.905329767817415,-18.37877066409345,0.5698035789951319
20,1.0,1,8,[[-9.99988236]],9.904254038377193,-18.37877066409345,0.5694227798874347
20,1.0,1,9,[[-9.99916371]],9.902287402730714,-18.37877066409345,0.5675095040010337
20,1.0,1,10,[[-9.99840978]],9.90208217067207,-18.37877066409345,0.567229797722506
20,1.0,2,1,[[-9.9999987]],7.401023341894427,-18.37877066409345,0.30156827023676397
20,1.0,2,2,[[-10.0000082]],7.898097672640194,-18.37877066409345,0.04485469133946314
20,1.0,2,3,[[-9.99996843]],7.929021651375042,-18.37877066409345,0.19835579704364054
20,1.0,2,4,[[-9.99996409]],8.717878560141768,-18.37877066409345,0.4679587011026353
20,1.0,2,5,[[-9.99968453]],10.016252646908923,-18.37877066409345,0.45619082897104546
20,1.0,2,6,[[-9.99958462]],10.4076750097293,-18.37877066409345,0.5719597619071118
20,1.0,2,7,[[-9.99994576]],10.058838687197378,-18.37877066409345,0.42205414766925003
20,1.0,2,8,[[-9.99947516]],10.008513267675845,-18.37877066409345,0.42785197836841876
20,1.0,2,9,[[-9.99786927]],10.611575317667299,-18.37877066409345,0.8779633102240914
20,1.0,2,10,[[-10.00650578]],10.1592748467714,-18.37877066409345,0.5370341261072408
20,1.0,3,1,[[-10.]],11.282356329813805,-18.37877066409345,0.5483457780607038
20,1.0,3,2,[[-9.99993124]],11.61868440218728,-18.37877066409345,0.7536707194770104
20,1.0,3,3,[[-10.00010105]],11.882532101967758,-18.37877066409345,0.7104134767739235
20,1.0,3,4,[[-10.00032598]],11.914833010012721,-18.37877066409345,0.7286919123471577
20,1.0,3,5,[[-9.99992429]],12.67758815636901,-18.37877066409345,0.7123440553844155
20,1.0,3,6,[[-9.99961009]],13.34640273764787,-18.37877066409345,0.8505550873572414
20,1.0,3,7,[[-9.99996323]],13.276387560821332,-18.37877066409345,0.8513245497862522
20,1.0,3,8,[[-9.9991667]],13.213819438097891,-18.37877066409345,0.8477152388889324
20,1.0,3,9,[[-10.00103123]],15.811599032510506,-18.37877066409345,0.7760055421779442
20,1.0,3,10,[[-9.99625236]],12.725760443476005,-18.37877066409345,0.6766452254041734
20,1.0,4,1,[[-10.]],14.702197410315032,-18.37877066409345,0.808609023398998
20,1.0,4,2,[[-9.9999572]],15.238410136591886,-18.37877066409345,0.26976750286934953
20,1.0,4,3,[[-9.999964]],15.663966683709205,-18.37877066409345,0.797837214649089
20,1.0,4,4,[[-10.00001262]],15.685427130605357,-18.37877066409345,0.7984320785301809
20,1.0,4,5,[[-9.99997998]],16.108572134531897,-18.37877066409345,0.7810333157860018
20,1.0,4,6,[[-9.99965731]],16.05514323018116,-18.37877066409345,0.7725897682063081
20,1.0,4,7,[[-9.99964039]],16.14235259326086,-18.37877066409345,0.7853937491740176
20,1.0,4,8,[[-9.99989149]],16.171238717649082,-18.37877066409345,0.7931806491097452
20,1.0,4,9,[[-9.92697458]],18.542373711518792,-18.37877066409345,0.7563688826955499
20,1.0,4,10,[[-10.00000569]],16.17052736902974,-18.37877066409345,0.7907613056876092
20,10.0,0,1,[[-9.99999999]],18.0125223191408,-18.37877066409345,1.4910782694743228
20,10.0,0,2,[[-10.54671701]],37.56285856477544,-18.37877066409345,1.7232564907002481
20,10.0,0,3,[[-8.90755196]],70.69569382700124,-18.37877066409345,1.122121733876834
20,10.0,0,4,[[-10.14463689]],74.89860323784181,-18.37877066409345,0.44677762698063556
20,10.0,0,5,[[-9.85361233]],74.8090390554762,-18.37877066409345,0.5537725424034299
20,10.0,0,6,[[-9.63799096]],74.80218056095174,-18.37877066409345,0.5452156220676118
20,10.0,0,7,[[-9.9494834]],74.4607195428766,-18.37877066409345,0.3239578587373511
20,10.0,0,8,[[-8.80191607]],75.0664697607167,-18.37877066409345,0.6447310350894597
20,10.0,0,9,[[-9.802639]],74.56267745714024,-18.37877066409345,0.10885032524347611
20,10.0,0,10,[[-9.67070765]],74.74938938363582,-18.37877066409345,0.4820464982381408
20,10.0,1,1,[[-10.00000004]],20.725846735765,-18.37877066409345,1.8339333186723286
20,10.0,1,2,[[-9.12042803]],57.76612847941225,-18.37877066409345,5.209164909705046
20,10.0,1,3,[[-7.84073653]],75.33237453925852,-18.37877066409345,1.4687538159460554
20,10.0,1,4,[[-8.90021427]],79.82145211909801,-18.37877066409345,0.181335910988741
20,10.0,1,5,[[-8.62843715]],80.27354211552256,-18.37877066409345,0.5448112246060354
20,10.0,1,6,[[-8.45759969]],80.43995008243394,-18.37877066409345,0.774671777713587
20,10.0,1,7,[[-7.91023912]],80.54529354480626,-18.37877066409345,0.8209609379235393
20,10.0,1,8,[[-8.71091506]],80.27067638094532,-18.37877066409345,0.5192112094369831
20,10.0,1,9,[[-8.62051815]],79.68649025513814,-18.37877066409345,0.01596872327061069
20,10.0,1,10,[[-7.73200632]],79.80587642849427,-18.37877066409345,0.06591193057039367
20,10.0,2,1,[[-9.99999928]],43.9881902103105,-18.37877066409345,18.14176833398408
20,10.0,2,2,[[-8.03065017]],72.07152260956757,-18.37877066409345,38.13970067806114
20,10.0,2,3,[[-8.73326674]],71.12676052082551,-18.37877066409345,25.621664671898284
20,10.0,2,4,[[-8.18626617]],79.00525615371026,-18.37877066409345,4.93159770715386
20,10.0,2,5,[[-7.95214375]],79.07550143434511,-18.37877066409345,3.2992687339899285
20,10.0,2,6,[[-7.74888578]],78.72552283239017,-18.37877066409345,3.9909260782656433
20,10.0,2,7,[[-7.72640224]],79.11834521312636,-18.37877066409345,0.5431297434083031
20,10.0,2,8,[[-7.90431058]],78.93070652713146,-18.37877066409345,4.390067773031495
20,10.0,2,9,[[-7.06937828]],79.10678349184433,-18.37877066409345,0.42284516718999576
20,10.0,2,10,[[-7.94538672]],79.04292319899147,-18.37877066409345,3.655206101656199
20,10.0,3,1,[[-9.9999998]],18.94621723034608,-18.37877066409345,1.5957293056841981
20,10.0,3,2,[[-9.24912858]],54.383070158113874,-18.37877066409345,4.116433994780672
20,10.0,3,3,[[-7.89811139]],73.42619389548449,-18.37877066409345,1.990048871908331
20,10.0,3,4,[[-8.26501778]],79.65203173904888,-18.37877066409345,0.3647179346474739
20,10.0,3,5,[[-8.45627097]],79.93925752179041,-18.37877066409345,0.5233274890972435
20,10.0,3,6,[[-7.8613512]],79.78349768352747,-18.37877066409345,0.4094686264869956
20,10.0,3,7,[[-8.12328491]],80.42082545596351,-18.37877066409345,0.7142052834146029
20,10.0,3,8,[[-8.50857295]],79.67461497189,-18.37877066409345,0.2798316944272621
20,10.0,3,9,[[-8.15240773]],79.67761258847943,-18.37877066409345,0.501127866101402
20,10.0,3,10,[[-8.22009842]],79.67994658138053,-18.37877066409345,0.4485829129968523
20,10.0,4,1,[[-10.]],82.83579659359918,-18.37877066409345,1464.7899175919658
20,10.0,4,2,[[-10.26314534]],84.6729194721017,-18.37877066409345,1200.2336560565238
20,10.0,4,3,[[-9.79171481]],85.15915775104239,-18.37877066409345,367.76432216247395
20,10.0,4,4,[[-9.17423376]],85.03718606659376,-18.37877066409345,609.4459183828773
20,10.0,4,5,[[-9.15808908]],84.98797511074453,-18.37877066409345,648.5715554681002
20,10.0,4,6,[[-8.86473266]],84.8533534995891,-18.37877066409345,644.590751450848
20,10.0,4,7,[[-10.12793885]],84.7801130384123,-18.37877066409345,251.78804093855913
20,10.0,4,8,[[-8.97175123]],84.94616799297059,-18.37877066409345,643.4608665050422
20,10.0,4,9,[[-9.42318752]],85.01298387290504,-18.37877066409345,657.576937361826
20,10.0,4,10,[[-8.86032085]],84.85509118039714,-18.37877066409345,646.5254529424926
40,0.01,0,1,[[-20.00000248]],-3.994412381585199,-36.7575413281869,0.23070787893939096
40,0.01,0,2,[[-19.99987601]],2.878095516307149,-36.7575413281869,0.6961793913413848
40,0.01,0,3,[[-20.00120682]],3.0273433856435155,-36.7575413281869,0.5939683127041478
40,0.01,0,4,[[-20.00077907]],3.026957026017576,-36.7575413281869,0.5954409012539703
40,0.01,0,5,[[-20.00012516]],3.1163540017795293,-36.7575413281869,0.6086335590254139
40,0.01,0,6,[[-19.99919261]],2.28766431832721,-36.7575413281869,0.6407399274805343
40,0.01,0,7,[[-19.99974839]],3.486823739143521,-36.7575413281869,0.6606745180982677
40,0.01,0,8,[[-20.04706873]],-3.1779404070999924,-36.7575413281869,0.9365743704959809
40,0.01,0,9,[[-20.01314855]],-2.6402375958544697,-36.7575413281869,0.7634652127713079
40,0.01,0,10,[[-20.00047411]],4.799096181918075,-36.7575413281869,0.6142979232035822
40,0.01,1,1,[[-19.99999995]],1.4690245321759996,-36.7575413281869,0.06635692183344483
40,0.01,1,2,[[-19.99996558]],2.2051629370430654,-36.7575413281869,0.28064365858932244
40,0.01,1,3,[[-20.00004965]],2.2743754680533144,-36.7575413281869,0.2239472499377647
40,0.01,1,4,[[-19.999937]],3.08365674661654,-36.7575413281869,0.38070456842184025
40,0.01,1,5,[[-20.00008492]],3.659349844750666,-36.7575413281869,0.34518625961585364
40,0.01,1,6,[[-19.9991521]],3.630710313255846,-36.7575413281869,0.3609670702846509
40,0.01,1,7,[[-19.99700994]],3.549072762604815,-36.7575413281869,0.37944199409432605
40,0.01,1,8,[[-20.00074691]],3.7160365718832495,-36.7575413281869,0.3281689725176145
40,0.01,1,9,[[-19.99975109]],5.312696868865808,-36.7575413281869,0.35515133778086
40,0.01,1,10,[[-19.99072445]],5.511415195171369,-36.7575413281869,0.35754954106565023
40,0.01,2,1,[[-20.00000612]],-2.073882283000215,-36.7575413281869,0.09842226782547095
40,0.01,2,2,[[-20.00000324]],-2.031063100569607,-36.7575413281869,0.11454500241397857
40,0.01,2,3,[[-19.99991878]],-1.9566207982587933,-36.7575413281869,0.15204309154729817
40,0.01,2,4,[[-19.99998496]],-1.9352419377409817,-36.7575413281869,0.17178943696724225
40,0.01,2,5,[[-19.99999839]],-0.2816145485083847,-36.7575413281869,0.4765783909199267
40,0.01,2,6,[[-20.00007727]],0.8491598351653347,-36.7575413281869,0.3908760815374047
40,0.01,2,7,[[-19.99994192]],0.8691716241212715,-36.7575413281869,0.40604555582698254
40,0.01,2,8,[[-19.99984583]],0.8154672259956334,-36.7575413281869,0.4235710860353147
40,0.01,2,9,[[-20.00005041]],0.668086238943064,-36.7575413281869,0.4429068274142201
40,0.01,2,10,[[-20.00113202]],-1.165715142434022,-36.7575413281869,0.9873282404511511
40,0.01,3,1,[[-20.00000084]],-0.5018086326114826,-36.7575413281869,0.06119547020016918
40,0.01,3,2,[[-19.99997406]],-0.0896683357778151,-36.7575413281869,0.2207331687878879
40,0.01,3,3,[[-19.99998056]],-0.023677774087792397,-36.7575413281869,0.22517425085831777
40,0.01,3,4,[[-19.99995984]],0.3592268488958785,-36.7575413281869,0.44436156213852557
40,0.01,3,5,[[-20.00001599]],0.9024343675508324,-36.7575413281869,0.2649014889865314
40,0.01,3,6,[[-20.00276636]],0.8230664810679691,-36.7575413281869,0.2626156731096042
40,0.01,3,7,[[-20.00025569]],1.033397458450647,-36.7575413281869,0.3174040135079572
40,0.01,3,8,[[-20.00285282]],0.9538665168315131,-36.7575413281869,0.3059942005463097
40,0.01,3,9,[[-20.00192315]],-3.504383994624522,-36.7575413281869,0.751841012326881
40,0.01,3,10,[[-19.98646175]],-2.6733458246665447,-36.7575413281869,0.4879780051376477
40,0.01,4,1,[[-20.0000022]],-0.936389979437462,-36.7575413281869,0.04565559098520567
40,0.01,4,2,[[-19.99998413]],-0.9204320844822929,-36.7575413281869,0.06167140278090723
40,0.01,4,3,[[-19.99995649]],-0.7591064005594812,-36.7575413281869,0.17044911650393202
40,0.01,4,4,[[-19.99997172]],0.28260073049345646,-36.7575413281869,0.27122696195898194
40,0.01,4,5,[[-19.9998852]],0.3286687300061666,-36.7575413281869,0.2688096151684862
40,0.01,4,6,[[-20.00038966]],0.31497269249162607,-36.7575413281869,0.26768073381454704
40,0.01,4,7,[[-19.99994898]],0.40535408972030534,-36.7575413281869,0.2976434784821072
40,0.01,4,8,[[-20.00114626]],0.4308876682235303,-36.7575413281869,0.29676610993920477
40,0.01,4,9,[[-19.99995996]],0.471566184925711,-36.7575413281869,0.29968836782615943
40,0.01,4,10,[[-19.98747388]],0.19696812383153905,-36.7575413281869,0.9628690939501562
40,0.1,0,1,[[-20.00000616]],-2.614483179059122,-36.7575413281869,0.250964513356065
40,0.1,0,2,[[-19.99988288]],4.647889052559987,-36.7575413281869,0.6852993812680849
40,0.1,0,3,[[-20.00011748]],4.741893669021243,-36.7575413281869,0.6017604772140908
40,0.1,0,4,[[-20.00015346]],4.74223256013006,-36.7575413281869,0.6040758419316625
40,0.1,0,5,[[-20.06888652]],0.1215038388487737,-36.7575413281869,0.9870323787601217
40,0.1,0,6,[[-20.00106801]],6.772129213749199,-36.7575413281869,0.6541946136493765
40,0.1,0,7,[[-20.00399906]],4.793725834032314,-36.7575413281869,0.6078441889000142
40,0.1,0,8,[[-19.99697006]],3.9083799311601144,-36.7575413281869,0.6291370768234786
40,0.1,0,9,[[-19.98840792]],-6.374641315491736,-36.7575413281869,0.9789961453397299
40,0.1,0,10,[[-20.01489774]],-1.6465214833005226,-36.7575413281869,0.709175017180007
40,0.1,1,1,[[-19.99999998]],3.3755346391307346,-36.7575413281869,0.07866952582021516
40,0.1,1,2,[[-19.99998739]],3.9653846790587606,-36.7575413281869,0.29476402066640484
40,0.1,1,3,[[-20.00002049]],4.082079592840355,-36.7575413281869,0.22825347130815243
40,0.1,1,4,[[-19.99995286]],4.860374533624751,-36.7575413281869,0.3877416708066427
40,0.1,1,5,[[-19.99995918]],5.436124633484247,-36.7575413281869,0.3608623430364345
40,0.1,1,6,[[-19.99989369]],5.407349141961094,-36.7575413281869,0.376418987308876
40,0.1,1,7,[[-20.00037883]],5.465313642345671,-36.7575413281869,0.3453403050913536
40,0.1,1,8,[[-20.00031172]],5.489406455642604,-36.7575413281869,0.3442248392483223
40,0.1,1,9,[[-20.00071052]],5.500433059140634,-36.7575413281869,0.34634984511473255
40,0.1,1,10,[[-20.00201441]],5.491822700438685,-36.7575413281869,0.35070113971025946
40,0.1,2,1,[[-20.0000005]],-0.3324583181052822,-36.7575413281869,0.03458936448179166
40,0.1,2,2,[[-20.00001044]],-0.2346921230793385,-36.7575413281869,0.08969687431525449
40,0.1,2,3,[[-20.00000405]],-0.1367027874421851,-36.7575413281869,0.15766923313851858
40,0.1,2,4,[[-19.99999594]],-0.11430923187202358,-36.7575413281869,0.17545295730952953
40,0.1,2,5,[[-20.00000572]],1.4329985880900624,-36.7575413281869,0.4536224587698696
40,0.1,2,6,[[-20.00010333]],2.554539706800288,-36.7575413281869,0.39891410526235493
40,0.1,2,7,[[-19.99914086]],2.5649257692138203,-36.7575413281869,0.4105728947750909
40,0.1,2,8,[[-19.99955131]],2.5027103133085045,-36.7575413281869,0.4231220956947969
40,0.1,2,9,[[-19.99986771]],2.347959151223798,-36.7575413281869,0.43622421864915134
40,0.1,2,10,[[-20.00118847]],0.6715555380957647,-36.7575413281869,0.9859423645326879
40,0.1,3,1,[[-20.000016]],1.180442844500768,-36.7575413281869,0.07320114324492606
40,0.1,3,2,[[-19.99999601]],1.6964650504048704,-36.7575413281869,0.22297198666807846
40,0.1,3,3,[[-19.99999185]],1.7695051218441404,-36.7575413281869,0.22342336683922748
40,0.1,3,4,[[-19.99955036]],2.134152517233042,-36.7575413281869,0.4175853231603185
40,0.1,3,5,[[-20.00006071]],2.5901331377207093,-36.7575413281869,0.2515567691765966
40,0.1,3,6,[[-20.00291736]],2.516518482129039,-36.7575413281869,0.2523723904636418
40,0.1,3,7,[[-20.00000032]],2.752571442362432,-36.7575413281869,0.30897947952948945
40,0.1,3,8,[[-20.00195863]],1.1568462276283369,-36.7575413281869,0.9259000528338014
40,0.1,3,9,[[-19.99911628]],-1.0540939133611467,-36.7575413281869,0.47293438212925226
40,0.1,3,10,[[-19.98949346]],-1.8663587256748944,-36.7575413281869,0.9542366074155927
40,0.1,4,1,[[-20.00000001]],0.8803903435078199,-36.7575413281869,0.013985469695573674
40,0.1,4,2,[[-19.99997633]],0.8831794790801287,-36.7575413281869,0.029813717341655648
40,0.1,4,3,[[-19.99993233]],1.0611528505178476,-36.7575413281869,0.1668102289900657
40,0.1,4,4,[[-19.99995145]],2.1481741050271133,-36.7575413281869,0.2694395251933143
40,0.1,4,5,[[-20.00009137]],2.2038745714338215,-36.7575413281869,0.2709299288921338
40,0.1,4,6,[[-20.00063781]],2.1880681424124937,-36.7575413281869,0.26894268361841744
40,0.1,4,7,[[-19.99995943]],2.2955458842904957,-36.7575413281869,0.310099850336005
40,0.1,4,8,[[-19.99986083]],2.323970419027615,-36.7575413281869,0.31016226512108874
40,0.1,4,9,[[-19.97969511]],2.1513201789037377,-36.7575413281869,0.9514183995859123
40,0.1,4,10,[[-19.98345959]],2.031382245448037,-36.7575413281869,0.932858851054007
40,1.0,0,1,[[-19.99999997]],9.51636150693709,-36.7575413281869,0.4820564322844796
40,1.0,0,2,[[-20.00031322]],21.4648488670341,-36.7575413281869,0.5595854163432389
40,1.0,0,3,[[-19.99990383]],21.73208738134658,-36.7575413281869,0.7085952131828963
40,1.0,0,4,[[-19.99985965]],21.829859975368652,-36.7575413281869,0.8409949362256941
40,1.0,0,5,[[-20.00025982]],22.09254398806074,-36.7575413281869,0.7345538039957125
40,1.0,0,6,[[-19.77161245]],20.4284446792832,-36.7575413281869,0.8170151129345151
40,1.0,0,7,[[-19.99968064]],22.07630570041637,-36.7575413281869,0.7428329001668613
40,1.0,0,8,[[-19.99306224]],18.552177099330848,-36.7575413281869,0.9901332113734156
40,1.0,0,9,[[-19.97758087]],22.01553254147321,-36.7575413281869,0.8112049438209846
40,1.0,0,10,[[-20.00474452]],19.746435593823154,-36.7575413281869,0.9580348474390004
40,1.0,1,1,[[-19.99999992]],21.515006609419775,-36.7575413281869,0.43143315575403773
40,1.0,1,2,[[-19.99999184]],21.5754609108736,-36.7575413281869,0.31098553927798
40,1.0,1,3,[[-20.00001274]],22.631646643148073,-36.7575413281869,0.45057419933654985
40,1.0,1,4,[[-20.00077099]],22.89226678416644,-36.7575413281869,0.5292255017443286
40,1.0,1,5,[[-20.00031809]],23.29410153852565,-36.7575413281869,0.5601897075658873
40,1.0,1,6,[[-19.99974173]],23.984071104585333,-36.7575413281869,0.5342786483719996
40,1.0,1,7,[[-19.999885]],23.309620486237762,-36.7575413281869,0.5536143231787133
40,1.0,1,8,[[-19.99848592]],24.140864037513204,-36.7575413281869,0.5448152164582832
40,1.0,1,9,[[-20.00119512]],17.20392576425161,-36.7575413281869,0.9917177135914979
40,1.0,1,10,[[-20.01171041]],23.27338764431717,-36.7575413281869,0.5627907338118703
40,1.0,2,1,[[-19.99999688]],15.383903573989672,-36.7575413281869,0.3138937268910143
40,1.0,2,2,[[-20.0000578]],17.47881280076451,-36.7575413281869,0.08903612004812637
40,1.0,2,3,[[-20.00027085]],18.171288213201453,-36.7575413281869,0.44326827180612616
40,1.0,2,4,[[-19.9999492]],18.1865149045106,-36.7575413281869,0.4045818148475335
40,1.0,2,5,[[-20.00003046]],18.95213369106507,-36.7575413281869,0.5493166198675047
40,1.0,2,6,[[-20.00008251]],19.89186679355819,-36.7575413281869,0.6083138677189162
40,1.0,2,7,[[-19.99991099]],19.840227696620737,-36.7575413281869,0.6057350116018154
40,1.0,2,8,[[-19.99874669]],19.7177614729042,-36.7575413281869,0.5958417017772877
40,1.0,2,9,[[-20.00177888]],19.406210145323726,-36.7575413281869,0.7294181976701215
40,1.0,2,10,[[-20.00576423]],9.687348648026648,-36.7575413281869,0.9264218546765969
40,1.0,3,1,[[-19.99999688]],17.513321064587476,-36.7575413281869,0.3448310178739374
40,1.0,3,2,[[-19.9999483]],19.656483533836123,-36.7575413281869,0.1974702560328201
40,1.0,3,3,[[-19.99999946]],19.74915661790688,-36.7575413281869,0.1875802937156329
40,1.0,3,4,[[-19.99823685]],19.86085999999672,-36.7575413281869,0.1889280825002793
40,1.0,3,5,[[-19.99998292]],19.905159948057666,-36.7575413281869,0.13919821348530184
40,1.0,3,6,[[-20.0019013]],19.36846523630864,-36.7575413281869,0.30545790050744803
40,1.0,3,7,[[-20.00042767]],20.370541388689478,-36.7575413281869,0.24056952781479538
40,1.0,3,8,[[-20.00261665]],20.280642737906557,-36.7575413281869,0.2154011925755769
40,1.0,3,9,[[-20.00699224]],16.692624060316415,-36.7575413281869,0.6301242476064505
40,1.0,3,10,[[-20.00923698]],16.480582168610084,-36.7575413281869,0.5566431104886617
40,1.0,4,1,[[-19.99999788]],18.500255358755894,-36.7575413281869,0.3429346033235372
40,1.0,4,2,[[-20.00000355]],18.947991996373997,-36.7575413281869,0.12880947083764632
40,1.0,4,3,[[-19.98732571]],21.060994322703372,-36.7575413281869,0.42696159414858836
40,1.0,4,4,[[-19.99889071]],22.936858460266485,-36.7575413281869,0.41186256793839837
40,1.0,4,5,[[-20.00008835]],23.142771453399813,-36.7575413281869,0.4254635112054581
40,1.0,4,6,[[-20.00134026]],23.095605182469317,-36.7575413281869,0.42144854690248035
40,1.0,4,7,[[-20.00064961]],23.521783860044508,-36.7575413281869,0.5246658918528434
40,1.0,4,8,[[-19.99970876]],23.600055331036955,-36.7575413281869,0.5079324182533638
40,1.0,4,9,[[-19.99962222]],23.69095221246404,-36.7575413281869,0.4883886358117945
40,1.0,4,10,[[-20.00327881]],23.795978234717644,-36.7575413281869,0.4699833188349362
40,10.0,0,1,[[-20.]],44.86464189484223,-36.7575413281869,1.6557411363715262
40,10.0,0,2,[[-18.79923558]],110.42520651102703,-36.7575413281869,5.5742407626950525
40,10.0,0,3,[[-15.77814861]],145.69979447342976,-36.7575413281869,2.286012996379918
40,10.0,0,4,[[-17.90137939]],155.74753324373492,-36.7575413281869,0.5741281215403325
40,10.0,0,5,[[-16.78761179]],159.02273528072664,-36.7575413281869,0.5372063213131473
40,10.0,0,6,[[-15.23920481]],160.23487565265023,-36.7575413281869,0.7074362974572075
40,10.0,0,7,[[-16.61010747]],159.87142070661767,-36.7575413281869,0.8498977287066598
40,10.0,0,8,[[-16.59768385]],159.68368405669744,-36.7575413281869,0.6968207644169366
40,10.0,0,9,[[-17.50857084]],158.64597852049008,-36.7575413281869,0.4354736271028123
40,10.0,0,10,[[-16.99297508]],159.33917912450522,-36.7575413281869,0.37947238048264614
40,10.0,1,1,[[-20.00000004]],56.96325587212156,-36.7575413281869,2.755556875182323
40,10.0,1,2,[[-17.56367055]],120.13648937101176,-36.7575413281869,10.341122349755958
40,10.0,1,3,[[-15.85455767]],151.20631584962342,-36.7575413281869,4.735126681081122
40,10.0,1,4,[[-17.25411412]],160.30356030366883,-36.7575413281869,1.7325160162843438
40,10.0,1,5,[[-16.12925869]],162.74408272055373,-36.7575413281869,0.22162735815326454
40,10.0,1,6,[[-16.25074965]],163.62781617511337,-36.7575413281869,0.4685468194276554
40,10.0,1,7,[[-15.96925481]],163.81115181534486,-36.7575413281869,0.3134202999560834
40,10.0,1,8,[[-15.9281708]],163.23163457273859,-36.7575413281869,0.03384451778335702
40,10.0,1,9,[[-15.99384598]],162.75898019222137,-36.7575413281869,0.2516798265692797
40,10.0,1,10,[[-16.27525931]],164.30635859026452,-36.7575413281869,0.4933386487772841
40,10.0,2,1,[[-20.00000001]],88.73229719644102,-36.7575413281869,13.347723013958346
40,10.0,2,2,[[-18.54801209]],138.29926920230866,-36.7575413281869,34.818171979520116
40,10.0,2,3,[[-17.78734968]],155.96150562477376,-36.7575413281869,7.2924767155588235
40,10.0,2,4,[[-19.36719815]],158.7565385119365,-36.7575413281869,1.7742502441534391
40,10.0,2,5,[[-19.33620239]],158.5820082671521,-36.7575413281869,1.553037137761096
40,10.0,2,6,[[-19.38125487]],158.62047555689088,-36.7575413281869,1.42721688341199
40,10.0,2,7,[[-19.39651472]],158.62865261452768,-36.7575413281869,1.9339160662764083
40,10.0,2,8,[[-19.19040796]],158.63486940283843,-36.7575413281869,1.8085408590847631
40,10.0,2,9,[[-19.22265326]],158.3770009587714,-36.7575413281869,1.0752615525785112
40,10.0,2,10,[[-19.34390951]],158.69856686329973,-36.7575413281869,1.9226663473292993
40,10.0,3,1,[[-19.99999913]],54.5771969270123,-36.7575413281869,2.468972499232299
40,10.0,3,2,[[-19.2522937]],116.00368776848254,-36.7575413281869,8.661880858681819
40,10.0,3,3,[[-18.60663162]],146.54759742853324,-36.7575413281869,4.198918893099367
40,10.0,3,4,[[-18.8205811]],154.85417930264856,-36.7575413281869,1.3124248465264854
40,10.0,3,5,[[-19.23017293]],153.74201854024267,-36.7575413281869,0.8554107403078492
40,10.0,3,6,[[-20.48020287]],157.18046412362835,-36.7575413281869,0.45584924647892516
40,10.0,3,7,[[-17.54405656]],156.40478973152298,-36.7575413281869,0.3060522471221382
40,10.0,3,8,[[-18.14827261]],159.04965278757945,-36.7575413281869,0.35183635501461924
40,10.0,3,9,[[-21.00390802]],154.02759076907552,-36.7575413281869,0.47901156403321504
40,10.0,3,10,[[-20.8828211]],153.6855461313663,-36.7575413281869,0.6868177061145871
40,10.0,4,1,[[-19.99999992]],150.78578913240835,-36.7575413281869,366.0418552501623
40,10.0,4,2,[[-18.25944335]],161.96957829228836,-36.7575413281869,198.96470909635752
40,10.0,4,3,[[-19.14784602]],163.88172935704023,-36.7575413281869,58.258878222025146
40,10.0,4,4,[[-19.27775963]],164.74959679164107,-36.7575413281869,252.61853147203394
40,10.0,4,5,[[-19.54150313]],165.63474039886984,-36.7575413281869,206.36544859674788
40,10.0,4,6,[[-17.41906163]],153.09629490409898,-36.7575413281869,0.6656456260459676
40,10.0,4,7,[[-18.95961478]],165.57320151944705,-36.7575413281869,186.28204087835232
40,10.0,4,8,[[-18.87857922]],165.31177312376593,-36.7575413281869,202.91824209087025
40,10.0,4,9,[[-19.05030346]],165.24628537001462,-36.7575413281869,212.9957824076668
40,10.0,4,10,[[-19.10959499]],165.49363372087433,-36.7575413281869,224.4195259000497
80,0.01,0,1,[[-40.00000031]],-0.08974293145414206,-73.5150826563738,0.0021438338710063386
80,0.01,0,2,[[-40.00001981]],2.176260568257619,-73.5150826563738,0.29659777587801334
80,0.01,0,3,[[-40.00006571]],2.1793949334007965,-73.5150826563738,0.30346702339532855
80,0.01,0,4,[[-39.99982363]],2.1833313276004613,-73.5150826563738,0.30446035547065775
80,0.01,0,5,[[-40.00012699]],2.8812922537925796,-73.5150826563738,0.33290427660450594
80,0.01,0,6,[[-39.99998592]],3.0989618313985474,-73.5150826563738,0.39206605178791565
80,0.01,0,7,[[-40.00177919]],3.0163140816893317,-73.5150826563738,0.3618095475374868
80,0.01,0,8,[[-40.00236855]],3.0182030284351153,-73.5150826563738,0.3672524105789309
80,0.01,0,9,[[-39.99931983]],3.0201349017754717,-73.5150826563738,0.36168192182889464
80,0.01,0,10,[[-39.99651063]],3.0186607562688765,-73.5150826563738,0.36089044920472657
80,0.01,1,1,[[-39.99999872]],3.7558166917620563,-73.5150826563738,0.028827821431800616
80,0.01,1,2,[[-39.99994698]],3.7559146616272283,-73.5150826563738,0.02575358287708506
80,0.01,1,3,[[-39.99998507]],4.499657466210294,-73.5150826563738,0.1612405520439397
80,0.01,1,4,[[-39.99989506]],4.500025542882792,-73.5150826563738,0.16379547021609278
80,0.01,1,5,[[-39.95990595]],7.067555945283187,-73.5150826563738,0.2884185821581748
80,0.01,1,6,[[-39.96543736]],7.496801571857288,-73.5150826563738,0.260708102990045
80,0.01,1,7,[[-39.97547055]],7.789733241013476,-73.5150826563738,0.23867488430326247
80,0.01,1,8,[[-40.00065582]],8.04189162208212,-73.5150826563738,0.21328008570723764
80,0.01,1,9,[[-40.07196986]],-2.8626180151786067,-73.5150826563738,0.987750199478107
80,0.01,1,10,[[-40.01643893]],0.8891014994376651,-73.5150826563738,0.9724367460510991
80,0.01,2,1,[[-40.00000842]],-2.855330173710048,-73.5150826563738,0.06881073229432014
80,0.01,2,2,[[-39.99973861]],-2.8438763898277726,-73.5150826563738,0.07261782513382337
80,0.01,2,3,[[-40.00012867]],-2.8268036791227047,-73.5150826563738,0.07848246919789756
80,0.01,2,4,[[-40.00005442]],-2.3797441497680416,-73.5150826563738,0.1871190819079138
80,0.01,2,5,[[-39.99988325]],1.1623009742969581,-73.5150826563738,0.39814861995512035
80,0.01,2,6,[[-39.99964429]],1.2953244902897718,-73.5150826563738,0.3721615065338043
80,0.01,2,7,[[-39.99967615]],1.1954733564548614,-73.5150826563738,0.3774195662896157
80,0.01,2,8,[[-39.99787699]],1.033597447685077,-73.5150826563738,0.3828854959413482
80,0.01,2,9,[[-40.00126335]],-5.07100333227177,-73.5150826563738,0.569916451779556
80,0.01,2,10,[[-40.00608099]],-0.9273656353526556,-73.5150826563738,0.5828931807334873
80,0.01,3,1,[[-40.00001238]],-5.179264366842567,-73.5150826563738,0.12137279547993567
80,0.01,3,2,[[-39.9999917]],-5.150650999877624,-73.5150826563738,0.1261476514546724
80,0.01,3,3,[[-39.99996142]],-4.940814588556518,-73.5150826563738,0.19156229557303447
80,0.01,3,4,[[-39.99998226]],-4.581895810299963,-73.5150826563738,0.1995686916816689
80,0.01,3,5,[[-40.00220065]],-4.591438667431617,-73.5150826563738,0.19785841975163318
80,0.01,3,6,[[-40.00006756]],-4.21813906925353,-73.5150826563738,0.28041137842724834
80,0.01,3,7,[[-39.99913932]],-4.086058295590927,-73.5150826563738,0.3238242450153765
80,0.01,3,8,[[-39.99821385]],-3.935807645521109,-73.5150826563738,0.38209288717850415
80,0.01,3,9,[[-39.99936001]],-3.166069980547082,-73.5150826563738,0.9246487780074354
80,0.01,3,10,[[-40.00849829]],-3.57824862555564,-73.5150826563738,0.5547461482527072
80,0.01,4,1,[[-39.99999999]],2.4172277632666814,-73.5150826563738,0.05848361368288248
80,0.01,4,2,[[-39.99999273]],3.141556536462623,-73.5150826563738,0.1872900319282461
80,0.01,4,3,[[-39.99993055]],3.5559562860535228,-73.5150826563738,0.21325170653698391
80,0.01,4,4,[[-39.99945402]],3.6984152454436687,-73.5150826563738,0.20637862996218584
80,0.01,4,5,[[-40.00004277]],4.040207755612669,-73.5150826563738,0.2065345445690309
80,0.01,4,6,[[-40.00020987]],4.0363749426805,-73.5150826563738,0.20037153051306789
80,0.01,4,7,[[-39.99544094]],4.0558144173711295,-73.5150826563738,0.21841847409773177
80,0.01,4,8,[[-39.98479812]],3.927291596679361,-73.5150826563738,0.18510150993180938
80,0.01,4,9,[[-40.00286269]],1.320482051779034,-73.5150826563738,0.3879255236812656
80,0.01,4,10,[[-40.00714483]],4.314079059258812,-73.5150826563738,0.24967523577099665
80,0.1,0,1,[[-39.99999843]],3.840285769745444,-73.5150826563738,0.0913376116990257
80,0.1,0,2,[[-39.99999096]],5.825256550564412,-73.5150826563738,0.3060102085518538
80,0.1,0,3,[[-40.0000058]],5.836664978702698,-73.5150826563738,0.2955126407906322
80,0.1,0,4,[[-40.00002068]],5.83686577367332,-73.5150826563738,0.2952583250357466
80,0.1,0,5,[[-39.99997137]],6.497749126943789,-73.5150826563738,0.326920304375182
80,0.1,0,6,[[-40.0001055]],6.719332930480867,-73.5150826563738,0.38129391870999496
80,0.1,0,7,[[-40.00242891]],6.631494066635817,-73.5150826563738,0.35224160886187567
80,0.1,0,8,[[-40.00236464]],6.634649294834265,-73.5150826563738,0.3564072976013492
80,0.1,0,9,[[-40.00008982]],6.635801912200944,-73.5150826563738,0.35327926315331704
80,0.1,0,10,[[-39.99647628]],6.6300046310501175,-73.5150826563738,0.35266555253913834
80,0.1,1,1,[[-39.99999994]],7.335313105616872,-73.5150826563738,0.057465911059999514
80,0.1,1,2,[[-40.00077844]],7.351791307753668,-73.5150826563738,0.02555672532078709
80,0.1,1,3,[[-39.99996188]],8.163334277440182,-73.5150826563738,0.17460545533621946
80,0.1,1,4,[[-39.99991155]],8.16338278701249,-73.5150826563738,0.17347074353751718
80,0.1,1,5,[[-39.97858242]],10.554439628063955,-73.5150826563738,0.2822393093180878
80,0.1,1,6,[[-40.01351046]],10.938600041208273,-73.5150826563738,0.2594053401099653
80,0.1,1,7,[[-39.98645816]],11.226099767947982,-73.5150826563738,0.23438265968569488
80,0.1,1,8,[[-40.0043531]],11.445943883739485,-73.5150826563738,0.2112600765266045
80,0.1,1,9,[[-39.97086458]],11.420227609533836,-73.5150826563738,0.20082408638761365
80,0.1,1,10,[[-40.01391154]],4.326026087409091,-73.5150826563738,0.9728346043992612
80,0.1,2,1,[[-40.00000002]],0.7566397797280218,-73.5150826563738,0.0061406617255682005
80,0.1,2,2,[[-39.99982221]],0.757053433231758,-73.5150826563738,0.0009190204582093006
80,0.1,2,3,[[-40.00015844]],0.7721389634246311,-73.5150826563738,0.020859346512454427
80,0.1,2,4,[[-39.99998622]],1.1962805641481933,-73.5150826563738,0.15944757861930556
80,0.1,2,5,[[-39.99981877]],4.78209903812903,-73.5150826563738,0.39796500790575495
80,0.1,2,6,[[-39.99547809]],4.4166416535684645,-73.5150826563738,0.4098336119059148
80,0.1,2,7,[[-39.99911864]],4.820363040180498,-73.5150826563738,0.3803883370105378
80,0.1,2,8,[[-39.996223]],4.650095291761853,-73.5150826563738,0.3840885072392468
80,0.1,2,9,[[-40.0064454]],-9.499265436595934,-73.5150826563738,0.9890444675975028
80,0.1,2,10,[[-39.99901872]],5.0356192114759635,-73.5150826563738,0.42343652111673663
80,0.1,3,1,[[-40.00000323]],-1.549189180525504,-73.5150826563738,0.03790110953484174
80,0.1,3,2,[[-39.99996614]],-1.5476668818833628,-73.5150826563738,0.03875782027891073
80,0.1,3,3,[[-40.00025055]],-1.3032022563604533,-73.5150826563738,0.16891229160955898
80,0.1,3,4,[[-40.00000365]],-0.9877397858836203,-73.5150826563738,0.15864084372196657
80,0.1,3,5,[[-39.99995803]],-0.9877210874933436,-73.5150826563738,0.15852951789887315
80,0.1,3,6,[[-40.00050275]],-0.6082396287492985,-73.5150826563738,0.2591008511241861
80,0.1,3,7,[[-39.99979943]],-0.47390687059810893,-73.5150826563738,0.3045901587148645
80,0.1,3,8,[[-39.99799037]],-0.3247024640969618,-73.5150826563738,0.36375487577783144
80,0.1,3,9,[[-40.00100961]],0.4457417321231638,-73.5150826563738,0.9154176272349702
80,0.1,3,10,[[-40.03084465]],-8.548393083355668,-73.5150826563738,0.9889887535749075
80,0.1,4,1,[[-39.99999999]],5.809879246608952,-73.5150826563738,0.07974515397352988
80,0.1,4,2,[[-39.99998364]],6.7783746142992145,-73.5150826563738,0.1940478454116576
80,0.1,4,3,[[-39.99998104]],7.216707496362803,-73.5150826563738,0.21460083331183077
80,0.1,4,4,[[-40.00016226]],7.330895652310337,-73.5150826563738,0.20430645433251904
80,0.1,4,5,[[-40.00010276]],7.685636436763337,-73.5150826563738,0.20842271727970857
80,0.1,4,6,[[-40.00028257]],7.682289907053423,-73.5150826563738,0.20194045328045854
80,0.1,4,7,[[-40.00126748]],7.659416156817418,-73.5150826563738,0.19461358822644897
80,0.1,4,8,[[-39.98285069]],7.565713776249252,-73.5150826563738,0.1849936499518706
80,0.1,4,9,[[-40.01124192]],6.150943487668345,-73.5150826563738,0.33639597708576285
80,0.1,4,10,[[-40.00995658]],-3.5026469948405112,-73.5150826563738,0.9741803882203578
80,1.0,0,1,[[-39.9999992]],40.899357987008614,-73.5150826563738,0.38379443254454854
80,1.0,0,2,[[-39.99997701]],40.9037890676763,-73.5150826563738,0.36920724135360355
80,1.0,0,3,[[-40.00002648]],41.05761219310713,-73.5150826563738,0.40578358963166933
80,1.0,0,4,[[-40.00001058]],41.18735730671595,-73.5150826563738,0.3796109957664331
80,1.0,0,5,[[-40.00002076]],41.74215317187996,-73.5150826563738,0.4063104295689273
80,1.0,0,6,[[-40.00367638]],41.830013016292234,-73.5150826563738,0.414511952820386
80,1.0,0,7,[[-40.00064264]],41.92228733462373,-73.5150826563738,0.432579864916747
80,1.0,0,8,[[-39.99838218]],41.889748151196585,-73.5150826563738,0.42626120772344483
80,1.0,0,9,[[-40.01059319]],34.162812210649896,-73.5150826563738,0.9927624566108936
80,1.0,0,10,[[-39.99876874]],41.88737792902954,-73.5150826563738,0.4229478833005135
80,1.0,1,1,[[-39.99999957]],41.84047620958552,-73.5150826563738,0.3789716316166941
80,1.0,1,2,[[-39.99994487]],43.4412599086495,-73.5150826563738,0.06668074837533813
80,1.0,1,3,[[-40.0023607]],44.937395309970306,-73.5150826563738,0.4031850255247457
80,1.0,1,4,[[-39.99952518]],45.47963015764356,-73.5150826563738,0.3454707251415538
80,1.0,1,5,[[-39.99163696]],47.59696023674557,-73.5150826563738,0.3301322636651603
80,1.0,1,6,[[-40.0049309]],47.68248360201833,-73.5150826563738,0.32573166645402585
80,1.0,1,7,[[-39.99874331]],47.85036423217047,-73.5150826563738,0.32153113869735356
80,1.0,1,8,[[-39.95076711]],47.660012174314154,-73.5150826563738,0.3312565076332737
80,1.0,1,9,[[-40.04956832]],47.862545098166244,-73.5150826563738,0.32772648125042964
80,1.0,1,10,[[-40.03338471]],39.84468405674285,-73.5150826563738,0.969092533349224
80,1.0,2,1,[[-39.99999342]],34.56217000348121,-73.5150826563738,0.31505452470222745
80,1.0,2,2,[[-40.00001699]],36.669489271677,-73.5150826563738,0.03730322810982128
80,1.0,2,3,[[-39.99996462]],36.744688634811624,-73.5150826563738,0.023644785810935452
80,1.0,2,4,[[-39.99997459]],36.9755850920268,-73.5150826563738,0.14215141083460697
80,1.0,2,5,[[-39.99967024]],40.716213570752615,-73.5150826563738,0.5026936332926684
80,1.0,2,6,[[-39.99987666]],41.02993951785839,-73.5150826563738,0.5239117773611905
80,1.0,2,7,[[-39.99857593]],40.83913037750701,-73.5150826563738,0.511002522606363
80,1.0,2,8,[[-39.99331]],40.574512742060655,-73.5150826563738,0.4955561551244359
80,1.0,2,9,[[-40.03718829]],33.772283994115334,-73.5150826563738,0.5553694392421358
80,1.0,2,10,[[-39.98076378]],22.91681500324802,-73.5150826563738,0.8644804948783706
80,1.0,3,1,[[-39.99999287]],32.713359134897416,-73.5150826563738,0.2919657687352779
80,1.0,3,2,[[-40.00003298]],34.356657239851714,-73.5150826563738,0.05166133970122817
80,1.0,3,3,[[-39.99998597]],34.984866384235985,-73.5150826563738,0.2536130172556559
80,1.0,3,4,[[-40.00112074]],34.49995582799109,-73.5150826563738,0.18590387285408105
80,1.0,3,5,[[-40.00032265]],35.14183125034308,-73.5150826563738,0.15468614681818102
80,1.0,3,6,[[-40.00013773]],35.64766593456525,-73.5150826563738,0.2535523652841764
80,1.0,3,7,[[-39.99940957]],35.77730088302808,-73.5150826563738,0.27997510842079104
80,1.0,3,8,[[-39.99755024]],35.9006969439276,-73.5150826563738,0.31508157058632896
80,1.0,3,9,[[-40.0038832]],36.08480533946463,-73.5150826563738,0.7733851338724281
80,1.0,3,10,[[-40.12518906]],34.42557749273752,-73.5150826563738,0.9198609489783384
80,1.0,4,1,[[-39.9999971]],38.21422996030263,-73.5150826563738,0.35367999123528754
80,1.0,4,2,[[-39.99980681]],43.3224690818683,-73.5150826563738,0.21673621567631382
80,1.0,4,3,[[-39.99993498]],43.83026456301384,-73.5150826563738,0.2549394217984965
80,1.0,4,4,[[-39.99982115]],43.87842219299035,-73.5150826563738,0.2855388853130505
80,1.0,4,5,[[-40.00037537]],44.486141802287975,-73.5150826563738,0.31478531546911626
80,1.0,4,6,[[-40.01661417]],40.149677261734105,-73.5150826563738,0.4769617085018223
80,1.0,4,7,[[-40.00205232]],44.45413248194455,-73.5150826563738,0.2979850447489346
80,1.0,4,8,[[-39.99749277]],44.52653135979107,-73.5150826563738,0.3219680620733836
80,1.0,4,9,[[-40.01502818]],41.898583451882885,-73.5150826563738,0.3868782530577319
80,1.0,4,10,[[-40.01016454]],44.68655502326595,-73.5150826563738,0.3281789266827298
80,10.0,0,1,[[-39.99999999]],111.34369379130791,-73.5150826563738,1.9632716080747812
80,10.0,0,2,[[-37.54314746]],233.97754488675284,-73.5150826563738,7.487169179270899
80,10.0,0,3,[[-39.18033559]],296.41711276656787,-73.5150826563738,3.962240723823873
80,10.0,0,4,[[-37.82184719]],287.3190116764043,-73.5150826563738,3.4663884962296354
80,10.0,0,5,[[-42.08928868]],313.79455116190894,-73.5150826563738,0.19800553818603703
80,10.0,0,6,[[-39.02704473]],316.23934741600164,-73.5150826563738,0.43092842522867186
80,10.0,0,7,[[-39.76042205]],320.35200324034196,-73.5150826563738,0.8207032778565012
80,10.0,0,8,[[-41.55978602]],317.55886437537254,-73.5150826563738,0.2571110758958842
80,10.0,0,9,[[-39.69769942]],318.8321934233266,-73.5150826563738,0.3243781915373378
80,10.0,0,10,[[-44.23992028]],315.0805038807612,-73.5150826563738,0.08793376691248131
80,10.0,1,1,[[-39.99999947]],147.95298446762425,-73.5150826563738,4.527966661665135
80,10.0,1,2,[[-37.65233725]],259.1673875338041,-73.5150826563738,18.128661537324128
80,10.0,1,3,[[-35.15510117]],308.67307021415587,-73.5150826563738,8.127347382325176
80,10.0,1,4,[[-39.13214155]],321.40551918460625,-73.5150826563738,2.035253317315493
80,10.0,1,5,[[-35.66460272]],315.9704732865697,-73.5150826563738,1.8501784873834457
80,10.0,1,6,[[-37.62102731]],321.51644560787963,-73.5150826563738,0.8626442718030551
80,10.0,1,7,[[-37.53575069]],322.9157865120099,-73.5150826563738,0.44366005140047027
80,10.0,1,8,[[-35.7929587]],307.81969311144644,-73.5150826563738,0.9044080482488982
80,10.0,1,9,[[-37.31627438]],322.2095038202539,-73.5150826563738,0.2232844289930238
80,10.0,1,10,[[-37.84871703]],321.623005265066,-73.5150826563738,0.20799090509037574
80,10.0,2,1,[[-39.99999778]],199.54774691037684,-73.5150826563738,16.56368423658761
80,10.0,2,2,[[-36.18366121]],284.51869103311765,-73.5150826563738,39.475840515572955
80,10.0,2,3,[[-41.99866329]],309.66027962166044,-73.5150826563738,13.372896934423123
80,10.0,2,4,[[-39.85955818]],309.02049303240267,-73.5150826563738,7.39354047146042
80,10.0,2,5,[[-40.7861297]],309.85184267305095,-73.5150826563738,3.5514517753614565
80,10.0,2,6,[[-39.05119034]],309.85566819978163,-73.5150826563738,1.4297386767202755
80,10.0,2,7,[[-39.01598114]],309.7923724384556,-73.5150826563738,1.68498857373625
80,10.0,2,8,[[-38.97046466]],309.7153784479772,-73.5150826563738,2.026534430710474
80,10.0,2,9,[[-38.5363461]],309.1452327961093,-73.5150826563738,1.7120010611716046
80,10.0,2,10,[[-40.95837706]],308.37184481190315,-73.5150826563738,7.5798449544823745
80,10.0,3,1,[[-39.99999999]],134.59250852137617,-73.5150826563738,3.280223183720361
80,10.0,3,2,[[-36.54072906]],249.28156266014483,-73.5150826563738,12.892157655384231
80,10.0,3,3,[[-36.18778345]],305.9053223670587,-73.5150826563738,7.660775804711079
80,10.0,3,4,[[-37.18166742]],324.6214150467821,-73.5150826563738,0.9480945060871901
80,10.0,3,5,[[-39.16142686]],327.5394869672981,-73.5150826563738,0.037321965653478104
80,10.0,3,6,[[-36.71156812]],325.98843970408024,-73.5150826563738,0.291632679532521
80,10.0,3,7,[[-35.70228824]],323.87225835068404,-73.5150826563738,0.22469608040624145
80,10.0,3,8,[[-34.79236092]],320.334685428402,-73.5150826563738,1.0005655605909385
80,10.0,3,9,[[-38.06514286]],326.1306131337562,-73.5150826563738,1.5202731151062372
80,10.0,3,10,[[-36.78936389]],325.54390443490223,-73.5150826563738,0.08874157109344981
80,10.0,4,1,[[-39.99999998]],286.75646063433254,-73.5150826563738,166.74403787423623
80,10.0,4,2,[[-32.42067458]],315.40810109001694,-73.5150826563738,125.35371368796575
80,10.0,4,3,[[-32.5150608]],320.76964946139447,-73.5150826563738,35.44626810748852
80,10.0,4,4,[[-43.14967308]],298.81469759723433,-73.5150826563738,0.052313222266240196
80,10.0,4,5,[[-32.64017205]],321.95667479221567,-73.5150826563738,92.65000969696106
80,10.0,4,6,[[-32.60237124]],321.9825378584607,-73.5150826563738,93.25035608173515
80,10.0,4,7,[[-32.58887728]],321.9399507163081,-73.5150826563738,91.40445448428225
80,10.0,4,8,[[-31.92055857]],319.89173655349805,-73.5150826563738,10.497512879492836
80,10.0,4,9,[[-31.76903129]],319.66302722166495,-73.5150826563738,7.855556532014909
80,10.0,4,10,[[-32.4359781]],321.8622583321752,-73.5150826563738,93.76216773044155
160,0.01,0,1,[[-80.00000517]],-2.689852997636274,-147.0301653127476,0.03297296226654936
160,0.01,0,2,[[-80.00009372]],-2.6777989901750234,-147.0301653127476,0.03653113799004785
160,0.01,0,3,[[-79.99999733]],-2.301581027756725,-147.0301653127476,0.10534238637524268
160,0.01,0,4,[[-79.9990198]],-2.2989982886939875,-147.0301653127476,0.10463458881658429
160,0.01,0,5,[[-79.99977619]],-2.1757615508168135,-147.0301653127476,0.1459214674760236
160,0.01,0,6,[[-79.99788948]],-2.2067575774989696,-147.0301653127476,0.1395364586159204
160,0.01,0,7,[[-80.00027517]],-2.0038852785095496,-147.0301653127476,0.1714215470712991
160,0.01,0,8,[[-80.00382505]],-1.8181937177607825,-147.0301653127476,0.2104453419597452
160,0.01,0,9,[[-80.01455853]],-23.709408353305513,-147.0301653127476,0.8852427692128407
160,0.01,0,10,[[-79.99052124]],-1.5397282474223057,-147.0301653127476,0.27933849587360393
160,0.01,1,1,[[-79.99999976]],17.13967273927639,-147.0301653127476,0.06496018448507523
160,0.01,1,2,[[-79.99996456]],17.214816636569434,-147.0301653127476,0.02040213644238448
160,0.01,1,3,[[-79.99955229]],17.347558619763337,-147.0301653127476,0.061569377420175285
160,0.01,1,4,[[-79.99993477]],18.30062908856066,-147.0301653127476,0.6770321135201042
160,0.01,1,5,[[-80.00074858]],19.61071038452242,-147.0301653127476,0.19580549726160026
160,0.01,1,6,[[-80.0026262]],19.532631080058575,-147.0301653127476,0.1833735759405216
160,0.01,1,7,[[-80.01168875]],19.411922293983,-147.0301653127476,0.17136184547046923
160,0.01,1,8,[[-79.99438769]],19.94137977544767,-147.0301653127476,0.23580731479009923
160,0.01,1,9,[[-80.23304489]],1.1115781708682422,-147.0301653127476,0.7170343898808832
160,0.01,1,10,[[-80.01496652]],20.413772756652634,-147.0301653127476,0.2527129675019171
160,0.01,2,1,[[-80.00002406]],-10.851368584050103,-147.0301653127476,0.1267690201342384
160,0.01,2,2,[[-80.00001012]],-10.687865486714625,-147.0301653127476,0.14260144035085137
160,0.01,2,3,[[-79.99985093]],-10.488199174154715,-147.0301653127476,0.18233310000575464
160,0.01,2,4,[[-79.99991216]],-9.757144894285839,-147.0301653127476,0.1676795375475081
160,0.01,2,5,[[-79.99965223]],-9.720993986082991,-147.0301653127476,0.1568034434081474
160,0.01,2,6,[[-79.99993475]],-8.247440411517086,-147.0301653127476,0.24588499512759113
160,0.01,2,7,[[-79.999916]],-8.343079527406845,-147.0301653127476,0.23905157379318798
160,0.01,2,8,[[-79.9979035]],-8.447679799130956,-147.0301653127476,0.23068565266286417
160,0.01,2,9,[[-79.99967557]],-9.634919689132316,-147.0301653127476,0.4420056668509461
160,0.01,2,10,[[-80.01179615]],-8.555527631941807,-147.0301653127476,0.21432761191865501
160,0.01,3,1,[[-79.99999947]],6.416591784676591,-147.0301653127476,0.07127330651598698
160,0.01,3,2,[[-80.00000887]],8.294050866173087,-147.0301653127476,0.21632820350336482
160,0.01,3,3,[[-79.99999887]],8.355739507973219,-147.0301653127476,0.23346149744876754
160,0.01,3,4,[[-80.00006235]],8.40369420520157,-147.0301653127476,0.23096179851579338
160,0.01,3,5,[[-79.99967869]],8.472546542211576,-147.0301653127476,0.23140880743707118
160,0.01,3,6,[[-79.99957103]],8.469928311782805,-147.0301653127476,0.2317051726848124
160,0.01,3,7,[[-79.98259483]],8.44968547998664,-147.0301653127476,0.23314866727680245
160,0.01,3,8,[[-79.99316754]],8.459789869347437,-147.0301653127476,0.23215080660397025
160,0.01,3,9,[[-79.99843985]],-2.9687933287670263,-147.0301653127476,0.9512672730883942
160,0.01,3,10,[[-79.98513511]],8.436605917719184,-147.0301653127476,0.23618071209984629
160,0.01,4,1,[[-79.9999815]],9.52821202054736,-147.0301653127476,0.0458980146731592
160,0.01,4,2,[[-79.99990745]],9.804356760055093,-147.0301653127476,0.11822805860224726
160,0.01,4,3,[[-79.99960965]],9.846355715184725,-147.0301653127476,0.11613517770356735
160,0.01,4,4,[[-79.99972285]],9.853356760688904,-147.0301653127476,0.11933727964671668
160,0.01,4,5,[[-80.00023927]],10.052883830236018,-147.0301653127476,0.12881520990113857
160,0.01,4,6,[[-80.00013369]],10.120139586855684,-147.0301653127476,0.1358101379077856
160,0.01,4,7,[[-80.00137709]],10.192983500121723,-147.0301653127476,0.14917647911221155
160,0.01,4,8,[[-79.99209936]],10.151778006279779,-147.0301653127476,0.14297473161026816
160,0.01,4,9,[[-79.99029635]],10.14997917020686,-147.0301653127476,0.14332814583668066
160,0.01,4,10,[[-80.08252248]],-27.163474503420673,-147.0301653127476,0.9932313208901075
160,0.1,0,1,[[-80.00003669]],4.5037544974956605,-147.0301653127476,0.017284244143890615
160,0.1,0,2,[[-79.99998155]],4.513807708601046,-147.0301653127476,0.0028116335803409992
160,0.1,0,3,[[-79.99999757]],4.89084457580928,-147.0301653127476,0.10156467248934342
160,0.1,0,4,[[-80.00120629]],4.894597101916839,-147.0301653127476,0.09971229900315674
160,0.1,0,5,[[-80.00015632]],5.014116184235028,-147.0301653127476,0.14376604534613868
160,0.1,0,6,[[-79.99759987]],4.980317875766795,-147.0301653127476,0.1344522184388578
160,0.1,0,7,[[-80.00131333]],5.196748353021008,-147.0301653127476,0.1807711774951435
160,0.1,0,8,[[-80.00474059]],5.379465251122455,-147.0301653127476,0.22449747716097995
160,0.1,0,9,[[-80.01091247]],-8.286322600975495,-147.0301653127476,0.9965032414562279
160,0.1,0,10,[[-79.9913199]],5.638668802000009,-147.0301653127476,0.28442708229073177
160,0.1,1,1,[[-79.99999995]],24.225833361273494,-147.0301653127476,0.09277907127524064
160,0.1,1,2,[[-79.99996344]],24.40278921559607,-147.0301653127476,0.02428088367388742
160,0.1,1,3,[[-79.99946746]],24.548107266190613,-147.0301653127476,0.06771945813684506
160,0.1,1,4,[[-79.99996079]],25.537636434282813,-147.0301653127476,0.6864702448337368
160,0.1,1,5,[[-79.99904744]],26.805955277369574,-147.0301653127476,0.19382890669950786
160,0.1,1,6,[[-80.00631451]],26.72424142370358,-147.0301653127476,0.18067622712885184
160,0.1,1,7,[[-79.99878297]],26.98478051516876,-147.0301653127476,0.22482965648551687
160,0.1,1,8,[[-79.99528285]],27.1662974457743,-147.0301653127476,0.2371625027308883
160,0.1,1,9,[[-80.14727075]],20.268599888394533,-147.0301653127476,0.47447892389408697
160,0.1,1,10,[[-80.07446364]],12.79061197870408,-147.0301653127476,0.8787815786496072
160,0.1,2,1,[[-80.00000803]],-3.5417730780471346,-147.0301653127476,0.04321657968170188
160,0.1,2,2,[[-79.99999156]],-3.487159706987761,-147.0301653127476,0.05756167302223182
160,0.1,2,3,[[-79.99997216]],-3.323844142727914,-147.0301653127476,0.11669424781091475
160,0.1,2,4,[[-79.99866355]],-2.610437621430657,-147.0301653127476,0.10687632888032876
160,0.1,2,5,[[-80.00001332]],-2.5810743758646177,-147.0301653127476,0.09511092375853782
160,0.1,2,6,[[-79.99143276]],-2.4426722076646716,-147.0301653127476,0.10113363122175911
160,0.1,2,7,[[-79.99809534]],-1.242173346341325,-147.0301653127476,0.2008204374326414
160,0.1,2,8,[[-79.99793758]],-1.3420889732599925,-147.0301653127476,0.19067905371459887
160,0.1,2,9,[[-80.15149374]],-3.8271006299506993,-147.0301653127476,0.4027407264580109
160,0.1,2,10,[[-80.05074186]],-2.4648395014399216,-147.0301653127476,0.3868079218562954
160,0.1,3,1,[[-79.99999991]],14.07370492910865,-147.0301653127476,0.08374508527979391
160,0.1,3,2,[[-80.00000707]],15.389180410766889,-147.0301653127476,0.21889777062176272
160,0.1,3,3,[[-79.99999166]],15.435075730803023,-147.0301653127476,0.23181509342269302
160,0.1,3,4,[[-80.00168314]],15.48402872866824,-147.0301653127476,0.23077311014051086
160,0.1,3,5,[[-79.99977485]],15.547438489427506,-147.0301653127476,0.23106449146802224
160,0.1,3,6,[[-79.9996357]],15.546637210976897,-147.0301653127476,0.23133200572120363
160,0.1,3,7,[[-80.00006793]],15.547491171583934,-147.0301653127476,0.23185768177316887
160,0.1,3,8,[[-79.99268921]],15.536577911486692,-147.0301653127476,0.2316714720913915
160,0.1,3,9,[[-79.99882907]],4.389557339923243,-147.0301653127476,0.9533796533989779
160,0.1,3,10,[[-80.04541844]],-23.937595123682296,-147.0301653127476,0.9977888302359703
160,0.1,4,1,[[-79.99999977]],16.87927472873803,-147.0301653127476,0.07012732907909454
160,0.1,4,2,[[-79.99999975]],16.99496637060756,-147.0301653127476,0.11977205707926357
160,0.1,4,3,[[-79.99988634]],17.04329605758502,-147.0301653127476,0.12048611389876851
160,0.1,4,4,[[-80.00313498]],17.04780790905027,-147.0301653127476,0.12190477017697744
160,0.1,4,5,[[-79.99965492]],17.262855535926853,-147.0301653127476,0.13388467874401141
160,0.1,4,6,[[-80.00220667]],17.33226689265806,-147.0301653127476,0.14056214716679652
160,0.1,4,7,[[-80.01185186]],17.378137495025673,-147.0301653127476,0.14449267333350246
160,0.1,4,8,[[-79.99317044]],17.359712954726294,-147.0301653127476,0.14688671935245773
160,0.1,4,9,[[-80.02428431]],2.7517821327999714,-147.0301653127476,0.988757547392919
160,0.1,4,10,[[-80.00362787]],4.263370147419727,-147.0301653127476,0.9782783210555517
160,1.0,0,1,[[-79.99998868]],71.35221817441314,-147.0301653127476,0.3009508096501972
160,1.0,0,2,[[-80.00013141]],76.21331547395826,-147.0301653127476,0.035730466528482406
160,1.0,0,3,[[-79.99954892]],76.83435126195096,-147.0301653127476,0.14708841294018332
160,1.0,0,4,[[-80.00004294]],76.84570243468501,-147.0301653127476,0.17154205791484173
160,1.0,0,5,[[-80.00001206]],76.99359469309724,-147.0301653127476,0.28369064330063404
160,1.0,0,6,[[-79.99494618]],76.92342799292543,-147.0301653127476,0.233803853603661
160,1.0,0,7,[[-80.00270918]],77.27463090126226,-147.0301653127476,0.4310969850747236
160,1.0,0,8,[[-80.00628764]],77.3959984768331,-147.0301653127476,0.4653526197655868
160,1.0,0,9,[[-80.03420563]],51.22428799832029,-147.0301653127476,0.8570248436959331
160,1.0,0,10,[[-79.98899251]],69.74830782310178,-147.0301653127476,0.9625928988340761
160,1.0,1,1,[[-79.99999998]],93.01874954449433,-147.0301653127476,0.39733721825434465
160,1.0,1,2,[[-79.99981905]],96.43365385324975,-147.0301653127476,0.10501164828303122
160,1.0,1,3,[[-79.99766297]],96.7107922258313,-147.0301653127476,0.18942784117505687
160,1.0,1,4,[[-79.99992506]],97.73743153731711,-147.0301653127476,0.6739826900478985
160,1.0,1,5,[[-80.0004504]],98.7050433271228,-147.0301653127476,0.21140054624054752
160,1.0,1,6,[[-80.11905481]],85.7373186882919,-147.0301653127476,0.8523669950986571
160,1.0,1,7,[[-80.05690262]],98.56624702322596,-147.0301653127476,0.19042936270381813
160,1.0,1,8,[[-80.00351713]],100.19439112480525,-147.0301653127476,0.28865867859393685
160,1.0,1,9,[[-80.12736115]],71.11344741444472,-147.0301653127476,0.9921598621175252
160,1.0,1,10,[[-80.2551881]],30.846004737703424,-147.0301653127476,0.9991272727301501
160,1.0,2,1,[[-79.99998576]],66.34990527803895,-147.0301653127476,0.27915942437858454
160,1.0,2,2,[[-79.99999946]],68.52940089429696,-147.0301653127476,0.051601358269559874
160,1.0,2,3,[[-80.00000636]],68.53417803599258,-147.0301653127476,0.06811422629612414
160,1.0,2,4,[[-79.99991247]],68.99269075888368,-147.0301653127476,0.14010738163398218
160,1.0,2,5,[[-80.00178994]],68.99407901330524,-147.0301653127476,0.14575943629390842
160,1.0,2,6,[[-79.99936167]],70.2431617439944,-147.0301653127476,0.24273065248730136
160,1.0,2,7,[[-80.00056154]],70.15176909736515,-147.0301653127476,0.2291787622062777
160,1.0,2,8,[[-79.99542281]],70.05373550908595,-147.0301653127476,0.21491316412173603
160,1.0,2,9,[[-79.9966606]],69.98524525272214,-147.0301653127476,0.20283214198474214
160,1.0,2,10,[[-80.10666414]],54.248751911713846,-147.0301653127476,0.9256717942887157
160,1.0,3,1,[[-79.99999944]],84.84733468867242,-147.0301653127476,0.37958270643536884
160,1.0,3,2,[[-80.00000376]],86.33869972551811,-147.0301653127476,0.2036251026352923
160,1.0,3,3,[[-79.99993448]],86.3743286448166,-147.0301653127476,0.1884966360666936
160,1.0,3,4,[[-80.00114815]],86.40086059866718,-147.0301653127476,0.1865387883990624
160,1.0,3,5,[[-80.00027282]],86.43287319421513,-147.0301653127476,0.18931622519395427
160,1.0,3,6,[[-80.00133749]],86.44488262883141,-147.0301653127476,0.18913097348236557
160,1.0,3,7,[[-79.97074899]],86.41516149077546,-147.0301653127476,0.19032794073954573
160,1.0,3,8,[[-79.98819136]],86.43069362835118,-147.0301653127476,0.18986406245492743
160,1.0,3,9,[[-79.93044286]],86.31611395224175,-147.0301653127476,0.19314599175627223
160,1.0,3,10,[[-79.9589736]],79.27698652555569,-147.0301653127476,0.873838690195302
160,1.0,4,1,[[-79.99999972]],86.50474553063981,-147.0301653127476,0.3848532601952499
160,1.0,4,2,[[-79.99997085]],88.92103232896442,-147.0301653127476,0.148641368349964
160,1.0,4,3,[[-80.00031478]],88.92377143318211,-147.0301653127476,0.15694086998758527
160,1.0,4,4,[[-79.99999035]],89.17537896130271,-147.0301653127476,0.18443952237521094
160,1.0,4,5,[[-80.00003205]],89.52402655686399,-147.0301653127476,0.2059032558583773
160,1.0,4,6,[[-80.00031536]],89.56474455123488,-147.0301653127476,0.20622565576641416
160,1.0,4,7,[[-80.00147929]],89.5765762179622,-147.0301653127476,0.20623335271287524
160,1.0,4,8,[[-79.99296217]],89.56200526084295,-147.0301653127476,0.20590350178847314
160,1.0,4,9,[[-80.01332665]],84.6464856088201,-147.0301653127476,0.9776541986809713
160,1.0,4,10,[[-79.97344996]],86.12503707104706,-147.0301653127476,0.938996919404858
160,10.0,0,1,[[-80.]],264.47604604805167,-147.0301653127476,2.3010192434013046
160,10.0,0,2,[[-72.92635458]],498.323674578188,-147.0301653127476,10.071526458991386
160,10.0,0,3,[[-71.74138659]],611.187903148764,-147.0301653127476,6.666461401585145
160,10.0,0,4,[[-76.2072539]],642.0424946283307,-147.0301653127476,1.7410991816922678
160,10.0,0,5,[[-85.95170055]],642.4835999017093,-147.0301653127476,0.7251300155339019
160,10.0,0,6,[[-75.8993692]],648.6413923044747,-147.0301653127476,0.2496127731320666
160,10.0,0,7,[[-72.86044318]],648.3373268746589,-147.0301653127476,0.427451200785993
160,10.0,0,8,[[-71.57236717]],645.8087742814856,-147.0301653127476,0.13278143922216976
160,10.0,0,9,[[-71.12951549]],644.2264290401664,-147.0301653127476,0.16911283209100522
160,10.0,0,10,[[-74.3426198]],650.4778669464987,-147.0301653127476,0.6074442844613991
160,10.0,1,1,[[-80.0000084]],358.7862205311558,-147.0301653127476,7.056191778237129
160,10.0,1,2,[[-74.1402581]],557.2211871121532,-147.0301653127476,25.38328219077473
160,10.0,1,3,[[-78.52513183]],515.0293725624298,-147.0301653127476,19.810346453359696
160,10.0,1,4,[[-87.0408885]],648.2039354079334,-147.0301653127476,3.710854963576127
160,10.0,1,5,[[-75.12223033]],644.5394797476291,-147.0301653127476,1.0046096806331895
160,10.0,1,6,[[-74.45686497]],642.392806603859,-147.0301653127476,2.2283928701521702
160,10.0,1,7,[[-75.84542088]],645.4958337867622,-147.0301653127476,0.5017368274250306
160,10.0,1,8,[[-76.01047466]],645.4378394387925,-147.0301653127476,0.8504339057919577
160,10.0,1,9,[[-76.61803054]],639.9305859463635,-147.0301653127476,3.4851285312224465
160,10.0,1,10,[[-75.3199315]],645.6691431155568,-147.0301653127476,0.17106322146017666
160,10.0,2,1,[[-79.99999451]],434.9233281269881,-147.0301653127476,18.525430019770997
160,10.0,2,2,[[-72.10555966]],592.314963427646,-147.0301653127476,47.060696935062474
160,10.0,2,3,[[-77.69954571]],640.8216067061086,-147.0301653127476,18.3889781887033
160,10.0,2,4,[[-71.79175935]],617.1893615223017,-147.0301653127476,27.079298716755474
160,10.0,2,5,[[-77.81015992]],646.1180623683134,-147.0301653127476,3.180797595280617
160,10.0,2,6,[[-86.93579182]],636.4394811237379,-147.0301653127476,0.651509966524044
160,10.0,2,7,[[-78.15729673]],647.0726245008608,-147.0301653127476,1.3302785323824762
160,10.0,2,8,[[-77.67811893]],646.4967265380144,-147.0301653127476,1.9030493421866048
160,10.0,2,9,[[-77.54604109]],645.9392848922778,-147.0301653127476,4.069601267664543
160,10.0,2,10,[[-77.8039094]],646.4160134745321,-147.0301653127476,3.042869951577067
160,10.0,3,1,[[-80.00000001]],345.4148824127506,-147.0301653127476,5.96994715798981
160,10.0,3,2,[[-72.25310627]],541.03102711344,-147.0301653127476,20.55670133586031
160,10.0,3,3,[[-75.96230463]],616.0590653119023,-147.0301653127476,9.932243819070871
160,10.0,3,4,[[-77.11970723]],629.3519016037278,-147.0301653127476,2.783580273770722
160,10.0,3,5,[[-76.43838629]],632.3885848757425,-147.0301653127476,0.2136655057252756
160,10.0,3,6,[[-77.09739539]],631.1287994561494,-147.0301653127476,1.3665255483414447
160,10.0,3,7,[[-74.22762937]],632.1995519852543,-147.0301653127476,0.512843578551634
160,10.0,3,8,[[-73.57367004]],631.5598782076062,-147.0301653127476,0.23883371133264814
160,10.0,3,9,[[-86.02101651]],596.8750484473431,-147.0301653127476,0.753464649372794
160,10.0,3,10,[[-90.78842805]],631.8599562177336,-147.0301653127476,2.680355053161249
160,10.0,4,1,[[-80.00000004]],551.4331036383622,-147.0301653127476,86.36195421947878
160,10.0,4,2,[[-79.72612382]],620.4860610675966,-147.0301653127476,79.08404137432575
160,10.0,4,3,[[-81.44151284]],639.7825015395347,-147.0301653127476,17.49460009248406
160,10.0,4,4,[[-82.37390807]],640.8736652637847,-147.0301653127476,11.969456022340482
160,10.0,4,5,[[-81.17608241]],641.2306002408674,-147.0301653127476,43.95450982693911
160,10.0,4,6,[[-81.58055213]],641.8812906135342,-147.0301653127476,39.69383373716376
160,10.0,4,7,[[-81.22871922]],641.5444778523683,-147.0301653127476,40.65145015875868
160,10.0,4,8,[[-81.07493584]],641.1688764491183,-147.0301653127476,46.45646911155433
160,10.0,4,9,[[-82.40864451]],640.183766401398,-147.0301653127476,4.835245438762236
160,10.0,4,10,[[-80.25020255]],639.115748630046,-147.0301653127476,11.63345213160377
