iteration,best_value,best_point,regret,dataset_size,batch_mean,batch_std,batch_max,algorithm,bo_seed,bo_run,data_seed,ground_truth_best,n_nodes,batch_size,retrain_interval,graph_type
1,2.0349340278386214,139632,0.19051192679001927,2000,0.06207114508933651,1.4627520178313913,2.0349340278386214,random_search,100,1,42,2.2254459546286407,1000000,1000,10000,circle
2,2.0349340278386214,139632,0.19051192679001927,3000,0.03821546436031815,1.4632001403103698,2.0135177977599885,random_search,100,1,42,2.2254459546286407,1000000,1000,10000,circle
3,2.0349340278386214,139632,0.19051192679001927,4000,-0.05189984689642466,1.5013896004422878,1.919247309222659,random_search,100,1,42,2.2254459546286407,1000000,1000,10000,circle
4,2.0349340278386214,139632,0.19051192679001927,5000,0.11142018628100786,1.4253188868589772,1.969341398085271,random_search,100,1,42,2.2254459546286407,1000000,1000,10000,circle
5,2.091914337106009,145338,0.13353161752263176,6000,-0.06713086314583808,1.486466611826659,2.091914337106009,random_search,100,1,42,2.2254459546286407,1000000,1000,10000,circle
6,2.091914337106009,145338,0.13353161752263176,7000,-0.022746167849122274,1.4841410380980304,1.9651330741079327,random_search,100,1,42,2.2254459546286407,1000000,1000,10000,circle
7,2.091914337106009,145338,0.13353161752263176,8000,0.05529121318072237,1.4474906655243143,2.0515471269893473,random_search,100,1,42,2.2254459546286407,1000000,1000,10000,circle
8,2.091914337106009,145338,0.13353161752263176,9000,-0.022683727797564765,1.4483937944442762,1.9919021604426206,random_search,100,1,42,2.2254459546286407,1000000,1000,10000,circle
9,2.091914337106009,145338,0.13353161752263176,10000,0.02912808810063944,1.4334083158767041,2.0135177977599885,random_search,100,1,42,2.2254459546286407,1000000,1000,10000,circle
10,2.091914337106009,145338,0.13353161752263176,11000,-0.03436852893630083,1.4736985157286049,2.0363750656760935,random_search,100,1,42,2.2254459546286407,1000000,1000,10000,circle
11,2.091914337106009,145338,0.13353161752263176,12000,-0.012559410751200087,1.503944331477945,2.023138502437551,random_search,100,1,42,2.2254459546286407,1000000,1000,10000,circle
12,2.091914337106009,145338,0.13353161752263176,13000,-0.03778846813589865,1.4938363506093497,1.9404083499092573,random_search,100,1,42,2.2254459546286407,1000000,1000,10000,circle
13,2.091914337106009,145338,0.13353161752263176,14000,-0.05383923611877499,1.463161400031609,1.9110076649215717,random_search,100,1,42,2.2254459546286407,1000000,1000,10000,circle
14,2.091914337106009,145338,0.13353161752263176,15000,-0.0006619312628581255,1.5013038287444145,1.9001172383024307,random_search,100,1,42,2.2254459546286407,1000000,1000,10000,circle
15,2.091914337106009,145338,0.13353161752263176,16000,-0.0722815494324162,1.5132797925571673,1.9510462855832418,random_search,100,1,42,2.2254459546286407,1000000,1000,10000,circle
16,2.091914337106009,145338,0.13353161752263176,17000,-0.01170511173969873,1.4758346413881318,1.976802072304685,random_search,100,1,42,2.2254459546286407,1000000,1000,10000,circle
17,2.091914337106009,145338,0.13353161752263176,18000,-0.09014375628468181,1.5172008586367272,1.9219081307431212,random_search,100,1,42,2.2254459546286407,1000000,1000,10000,circle
18,2.091914337106009,145338,0.13353161752263176,19000,0.009366125112923626,1.4901112888358574,2.0334473526906036,random_search,100,1,42,2.2254459546286407,1000000,1000,10000,circle
19,2.091914337106009,145338,0.13353161752263176,20000,-0.06868523690485936,1.5067883908670805,1.908926540109489,random_search,100,1,42,2.2254459546286407,1000000,1000,10000,circle
20,2.091914337106009,145338,0.13353161752263176,21000,0.04228777198610881,1.4806759963897826,1.986988943451898,random_search,100,1,42,2.2254459546286407,1000000,1000,10000,circle
21,2.091914337106009,145338,0.13353161752263176,22000,-0.005232513955157151,1.4674930063873493,1.8933072721673545,random_search,100,1,42,2.2254459546286407,1000000,1000,10000,circle
22,2.091914337106009,145338,0.13353161752263176,23000,0.0781503717646699,1.4613946631504946,1.9620081619714858,random_search,100,1,42,2.2254459546286407,1000000,1000,10000,circle
23,2.091914337106009,145338,0.13353161752263176,24000,0.028013245956493082,1.4470541633911709,1.953306217710809,random_search,100,1,42,2.2254459546286407,1000000,1000,10000,circle
24,2.091914337106009,145338,0.13353161752263176,25000,-0.02008619824379757,1.5016291792062209,1.965064938143608,random_search,100,1,42,2.2254459546286407,1000000,1000,10000,circle
25,2.091914337106009,145338,0.13353161752263176,26000,0.030483899136112384,1.4615879226189625,1.975635030553648,random_search,100,1,42,2.2254459546286407,1000000,1000,10000,circle
26,2.091914337106009,145338,0.13353161752263176,27000,-0.010203351944205139,1.4797567327216667,2.0419158354157094,random_search,100,1,42,2.2254459546286407,1000000,1000,10000,circle
27,2.091914337106009,145338,0.13353161752263176,28000,0.0465233719527499,1.4602110326267588,1.9954429228156498,random_search,100,1,42,2.2254459546286407,1000000,1000,10000,circle
28,2.091914337106009,145338,0.13353161752263176,29000,0.04342554331851249,1.48545603100323,1.9960567961272269,random_search,100,1,42,2.2254459546286407,1000000,1000,10000,circle
29,2.091914337106009,145338,0.13353161752263176,30000,-0.04926866893548997,1.492645645224759,1.9451841092510773,random_search,100,1,42,2.2254459546286407,1000000,1000,10000,circle
30,2.091914337106009,145338,0.13353161752263176,31000,-0.045947679146109,1.486180367195777,2.0305853796222593,random_search,100,1,42,2.2254459546286407,1000000,1000,10000,circle
1,1.9756745100021362,166194,0.24977144462650447,2000,0.012371601999551092,1.4734488216621506,1.9246307652750116,random_search,110,2,42,2.2254459546286407,1000000,1000,10000,circle
2,1.9917510194233765,161273,0.2336949352052642,3000,0.06145165378320713,1.4343985954635579,1.9917510194233765,random_search,110,2,42,2.2254459546286407,1000000,1000,10000,circle
3,1.9999513826120867,123513,0.22549457201655398,4000,-0.018703019702755008,1.4796919522015604,1.9999513826120867,random_search,110,2,42,2.2254459546286407,1000000,1000,10000,circle
4,1.9999513826120867,123513,0.22549457201655398,5000,0.007304827727216132,1.4451173544605136,1.9180157790605077,random_search,110,2,42,2.2254459546286407,1000000,1000,10000,circle
5,1.9999513826120867,123513,0.22549457201655398,6000,-0.016828959798293384,1.4808466762823587,1.990476570213941,random_search,110,2,42,2.2254459546286407,1000000,1000,10000,circle
6,1.9999513826120867,123513,0.22549457201655398,7000,0.00874686277948929,1.47559692424724,1.96627649419018,random_search,110,2,42,2.2254459546286407,1000000,1000,10000,circle
7,1.9999513826120867,123513,0.22549457201655398,8000,-0.0758543342139717,1.4923933404965688,1.9346351196517875,random_search,110,2,42,2.2254459546286407,1000000,1000,10000,circle
8,1.9999513826120867,123513,0.22549457201655398,9000,0.10247365607994914,1.448934141257017,1.987485016302124,random_search,110,2,42,2.2254459546286407,1000000,1000,10000,circle
9,1.9999513826120867,123513,0.22549457201655398,10000,0.050955960967741444,1.4688633375290754,1.9195403214795284,random_search,110,2,42,2.2254459546286407,1000000,1000,10000,circle
10,1.9999513826120867,123513,0.22549457201655398,11000,-0.027260049576388414,1.5057027452978655,1.93236281359135,random_search,110,2,42,2.2254459546286407,1000000,1000,10000,circle
11,1.9999513826120867,123513,0.22549457201655398,12000,0.03633186752020157,1.444212324594208,1.9874529189564771,random_search,110,2,42,2.2254459546286407,1000000,1000,10000,circle
12,1.9999513826120867,123513,0.22549457201655398,13000,-0.022863740942727192,1.478056982517512,1.9118584713294835,random_search,110,2,42,2.2254459546286407,1000000,1000,10000,circle
13,1.9999513826120867,123513,0.22549457201655398,14000,0.05171916097618477,1.4763096407662823,1.9583476169328047,random_search,110,2,42,2.2254459546286407,1000000,1000,10000,circle
14,1.9999513826120867,123513,0.22549457201655398,15000,0.06446114841766584,1.43643210213774,1.94800242461906,random_search,110,2,42,2.2254459546286407,1000000,1000,10000,circle
15,1.9999513826120867,123513,0.22549457201655398,16000,0.008763562420516412,1.4623494969091801,1.9616773890199188,random_search,110,2,42,2.2254459546286407,1000000,1000,10000,circle
16,1.9999513826120867,123513,0.22549457201655398,17000,-0.006507700819073362,1.4786136389573175,1.9999513826120867,random_search,110,2,42,2.2254459546286407,1000000,1000,10000,circle
17,1.9999513826120867,123513,0.22549457201655398,18000,0.02886508158947997,1.4820626393543168,1.9307725583858877,random_search,110,2,42,2.2254459546286407,1000000,1000,10000,circle
18,2.0243201204881762,174257,0.20112583414046448,19000,-0.043680003706543735,1.5044352625047268,2.0243201204881762,random_search,110,2,42,2.2254459546286407,1000000,1000,10000,circle
19,2.0243201204881762,174257,0.20112583414046448,20000,0.0440141545146976,1.432827342664937,1.9840342909416973,random_search,110,2,42,2.2254459546286407,1000000,1000,10000,circle
20,2.0243201204881762,174257,0.20112583414046448,21000,-0.06123072706827363,1.5031371253385792,1.9812706207996778,random_search,110,2,42,2.2254459546286407,1000000,1000,10000,circle
21,2.0243201204881762,174257,0.20112583414046448,22000,-0.025958717973462213,1.486918785987526,1.9081180211905382,random_search,110,2,42,2.2254459546286407,1000000,1000,10000,circle
22,2.0243201204881762,174257,0.20112583414046448,23000,0.014054179238934771,1.4927262843923463,1.9418425390390635,random_search,110,2,42,2.2254459546286407,1000000,1000,10000,circle
23,2.0243201204881762,174257,0.20112583414046448,24000,-0.023976150004160465,1.4747254822955227,2.0151414858297985,random_search,110,2,42,2.2254459546286407,1000000,1000,10000,circle
24,2.0243201204881762,174257,0.20112583414046448,25000,0.029959478197561003,1.4695232934942228,1.9776414096152635,random_search,110,2,42,2.2254459546286407,1000000,1000,10000,circle
25,2.0243201204881762,174257,0.20112583414046448,26000,-0.04121156849522126,1.4556648910665635,1.91710982227094,random_search,110,2,42,2.2254459546286407,1000000,1000,10000,circle
26,2.0243201204881762,174257,0.20112583414046448,27000,0.05819465797232854,1.4679632072886193,1.9170599869802314,random_search,110,2,42,2.2254459546286407,1000000,1000,10000,circle
27,2.0243201204881762,174257,0.20112583414046448,28000,-0.043607117828427036,1.496550194498395,1.945017587781693,random_search,110,2,42,2.2254459546286407,1000000,1000,10000,circle
28,2.0243201204881762,174257,0.20112583414046448,29000,-0.030839535167683337,1.4871384297964292,1.942396137128335,random_search,110,2,42,2.2254459546286407,1000000,1000,10000,circle
29,2.0336433543867947,124060,0.19180260024184603,30000,-0.06103033572479137,1.4848742771989631,2.0336433543867947,random_search,110,2,42,2.2254459546286407,1000000,1000,10000,circle
30,2.054951615554935,165908,0.1704943390737057,31000,0.015237611174725312,1.4800382202658078,2.054951615554935,random_search,110,2,42,2.2254459546286407,1000000,1000,10000,circle
1,1.9628608226776123,157235,0.2625851319510284,2000,0.018766104723881818,1.4758608514588873,1.9321784937248843,random_search,120,3,42,2.2254459546286407,1000000,1000,10000,circle
2,1.9628608226776123,157235,0.2625851319510284,3000,0.05615566328504606,1.4480451724926808,1.910408102640572,random_search,120,3,42,2.2254459546286407,1000000,1000,10000,circle
3,1.9628608226776123,157235,0.2625851319510284,4000,0.0352690758146553,1.4890403567678934,1.9433323176046813,random_search,120,3,42,2.2254459546286407,1000000,1000,10000,circle
4,1.9628608226776123,157235,0.2625851319510284,5000,0.04169594836957719,1.4586779657254205,1.9062973843367297,random_search,120,3,42,2.2254459546286407,1000000,1000,10000,circle
5,1.9716498217074276,160391,0.25379613292121306,6000,-0.030388779614964355,1.4906119843408625,1.9716498217074276,random_search,120,3,42,2.2254459546286407,1000000,1000,10000,circle
6,1.9716498217074276,160391,0.25379613292121306,7000,0.04093308850833989,1.4534389832129984,1.927511778560247,random_search,120,3,42,2.2254459546286407,1000000,1000,10000,circle
7,1.9716498217074276,160391,0.25379613292121306,8000,0.056679613868431074,1.4708215417224884,1.9053656296515622,random_search,120,3,42,2.2254459546286407,1000000,1000,10000,circle
8,1.9716498217074276,160391,0.25379613292121306,9000,-0.08854941775944514,1.4943604157362216,1.9201150805809668,random_search,120,3,42,2.2254459546286407,1000000,1000,10000,circle
9,1.9716498217074276,160391,0.25379613292121306,10000,-0.008756396325645302,1.5145379014977365,1.9469921164571349,random_search,120,3,42,2.2254459546286407,1000000,1000,10000,circle
10,2.0219688926234323,155336,0.20347706200520843,11000,0.06795253444961312,1.4791903578486798,2.0219688926234323,random_search,120,3,42,2.2254459546286407,1000000,1000,10000,circle
11,2.0219688926234323,155336,0.20347706200520843,12000,-0.01687501703751458,1.4887679872869644,1.9233970995571057,random_search,120,3,42,2.2254459546286407,1000000,1000,10000,circle
12,2.2254459546286407,173066,0.0,13000,0.007753826181569696,1.5003815446552073,2.2254459546286407,random_search,120,3,42,2.2254459546286407,1000000,1000,10000,circle
13,2.2254459546286407,173066,0.0,14000,0.026876179113147367,1.428148562654492,1.966691068364823,random_search,120,3,42,2.2254459546286407,1000000,1000,10000,circle
14,2.2254459546286407,173066,0.0,15000,0.012914138857863399,1.4808993174740983,1.992765205780036,random_search,120,3,42,2.2254459546286407,1000000,1000,10000,circle
15,2.2254459546286407,173066,0.0,16000,-0.017092718755727387,1.4662012636479382,2.0081875129333246,random_search,120,3,42,2.2254459546286407,1000000,1000,10000,circle
16,2.2254459546286407,173066,0.0,17000,-0.027641473555704472,1.4811754118766747,1.9987256817608008,random_search,120,3,42,2.2254459546286407,1000000,1000,10000,circle
17,2.2254459546286407,173066,0.0,18000,0.050580231736010166,1.4361159776072097,1.9043421306374126,random_search,120,3,42,2.2254459546286407,1000000,1000,10000,circle
18,2.2254459546286407,173066,0.0,19000,-0.031263776910905296,1.4717534711456863,1.9680216744795789,random_search,120,3,42,2.2254459546286407,1000000,1000,10000,circle
19,2.2254459546286407,173066,0.0,20000,0.020899705806509176,1.4521301579476318,1.893092907398322,random_search,120,3,42,2.2254459546286407,1000000,1000,10000,circle
20,2.2254459546286407,173066,0.0,21000,-0.018796557316658757,1.4845562104061074,1.9520234578525286,random_search,120,3,42,2.2254459546286407,1000000,1000,10000,circle
21,2.2254459546286407,173066,0.0,22000,0.056480248451704684,1.47142615366295,2.2254459546286407,random_search,120,3,42,2.2254459546286407,1000000,1000,10000,circle
22,2.2254459546286407,173066,0.0,23000,-0.04017362760316363,1.4845407152551302,2.0092315274499044,random_search,120,3,42,2.2254459546286407,1000000,1000,10000,circle
23,2.2254459546286407,173066,0.0,24000,-0.017581730072335905,1.4596762475488831,1.9569397435973979,random_search,120,3,42,2.2254459546286407,1000000,1000,10000,circle
24,2.2254459546286407,173066,0.0,25000,-0.01606642976022954,1.4765742076574815,1.9510462855832418,random_search,120,3,42,2.2254459546286407,1000000,1000,10000,circle
25,2.2254459546286407,173066,0.0,26000,-0.0012343092018127565,1.4727932035892013,2.0612473327380916,random_search,120,3,42,2.2254459546286407,1000000,1000,10000,circle
26,2.2254459546286407,173066,0.0,27000,-0.04750265598234471,1.4703894567121034,1.9283806419553486,random_search,120,3,42,2.2254459546286407,1000000,1000,10000,circle
27,2.2254459546286407,173066,0.0,28000,-0.010063183921896876,1.4633644298016584,1.9689305965797081,random_search,120,3,42,2.2254459546286407,1000000,1000,10000,circle
28,2.2254459546286407,173066,0.0,29000,0.00507829047280115,1.4642332795635948,1.951443692149461,random_search,120,3,42,2.2254459546286407,1000000,1000,10000,circle
29,2.2254459546286407,173066,0.0,30000,0.06168027084902644,1.451518114740642,2.0846313715724474,random_search,120,3,42,2.2254459546286407,1000000,1000,10000,circle
30,2.2254459546286407,173066,0.0,31000,0.03175368374417852,1.4754284024991766,1.907878836961014,random_search,120,3,42,2.2254459546286407,1000000,1000,10000,circle
1,1.9545735120773315,143347,0.27087244255130916,1006,1.6733962664716622,0.12070412381821935,1.8897079113359032,bfs,100,1,42,2.2254459546286407,1000000,1000,10000,circle
2,1.9545735120773315,143347,0.27087244255130916,2006,0.0695586490386511,1.4344515617976903,1.9201594179324184,bfs,100,1,42,2.2254459546286407,1000000,1000,10000,circle
3,1.9545735120773315,143347,0.27087244255130916,2008,1.7005700378658146,0.05561360639314117,1.7561836442589558,bfs,100,1,42,2.2254459546286407,1000000,1000,10000,circle
4,2.114275063607338,166928,0.11117089102130251,3008,-0.0633846916671571,1.4814095374531038,2.114275063607338,bfs,100,1,42,2.2254459546286407,1000000,1000,10000,circle
5,2.114275063607338,166928,0.11117089102130251,3012,1.7261256793076476,0.13951805066206258,1.8743109501173476,bfs,100,1,42,2.2254459546286407,1000000,1000,10000,circle
6,2.114275063607338,166928,0.11117089102130251,4012,0.038044159197948735,1.4639233910640768,1.945831972313804,bfs,100,1,42,2.2254459546286407,1000000,1000,10000,circle
7,2.114275063607338,166928,0.11117089102130251,5012,-0.06161797949122785,1.4778282144681976,1.8863173979382217,bfs,100,1,42,2.2254459546286407,1000000,1000,10000,circle
8,2.114275063607338,166928,0.11117089102130251,6012,-0.01623973120753068,1.4724063166278762,1.9995605566584063,bfs,100,1,42,2.2254459546286407,1000000,1000,10000,circle
9,2.114275063607338,166928,0.11117089102130251,6014,1.6917693331001833,0.02804233648071086,1.719811669580894,bfs,100,1,42,2.2254459546286407,1000000,1000,10000,circle
10,2.114275063607338,166928,0.11117089102130251,7014,0.06787359428347205,1.4728756020331164,1.953531180456562,bfs,100,1,42,2.2254459546286407,1000000,1000,10000,circle
11,2.114275063607338,166928,0.11117089102130251,8014,-0.026825361465365852,1.485557166028523,1.9187283521125236,bfs,100,1,42,2.2254459546286407,1000000,1000,10000,circle
12,2.114275063607338,166928,0.11117089102130251,9014,0.03151160110039953,1.4920987626256008,1.9149727654997746,bfs,100,1,42,2.2254459546286407,1000000,1000,10000,circle
13,2.114275063607338,166928,0.11117089102130251,10014,0.04810208963427242,1.458494220284722,1.98801463220221,bfs,100,1,42,2.2254459546286407,1000000,1000,10000,circle
14,2.114275063607338,166928,0.11117089102130251,11014,0.013027786435739026,1.4652667795582028,1.9923927100776329,bfs,100,1,42,2.2254459546286407,1000000,1000,10000,circle
15,2.129131480956617,140356,0.09631447367202384,12014,-0.008590330555772277,1.4643491867816154,2.129131480956617,bfs,100,1,42,2.2254459546286407,1000000,1000,10000,circle
16,2.129131480956617,140356,0.09631447367202384,12016,1.6246484652828892,0.10503486830338404,1.7296833335862734,bfs,100,1,42,2.2254459546286407,1000000,1000,10000,circle
17,2.129131480956617,140356,0.09631447367202384,13016,0.029409286323834792,1.4498068677852665,1.8728264502271872,bfs,100,1,42,2.2254459546286407,1000000,1000,10000,circle
18,2.129131480956617,140356,0.09631447367202384,14016,0.050144326733464854,1.4517442630416357,1.9729335758569628,bfs,100,1,42,2.2254459546286407,1000000,1000,10000,circle
19,2.129131480956617,140356,0.09631447367202384,15016,-0.02801968793309573,1.4493194151183681,1.9850458719237518,bfs,100,1,42,2.2254459546286407,1000000,1000,10000,circle
20,2.129131480956617,140356,0.09631447367202384,16016,0.0660896485502663,1.4532171242190457,1.9429730002490686,bfs,100,1,42,2.2254459546286407,1000000,1000,10000,circle
21,2.129131480956617,140356,0.09631447367202384,17016,-0.017737707093706354,1.4892568324405955,1.9448932983227503,bfs,100,1,42,2.2254459546286407,1000000,1000,10000,circle
22,2.129131480956617,140356,0.09631447367202384,18016,-0.057899235686540075,1.5136030331760135,1.943907937749505,bfs,100,1,42,2.2254459546286407,1000000,1000,10000,circle
23,2.129131480956617,140356,0.09631447367202384,19016,0.04506886006802852,1.4590148225471395,1.9487977654623447,bfs,100,1,42,2.2254459546286407,1000000,1000,10000,circle
24,2.129131480956617,140356,0.09631447367202384,20016,0.07862837258975022,1.4887091656312421,2.010585973227232,bfs,100,1,42,2.2254459546286407,1000000,1000,10000,circle
25,2.129131480956617,140356,0.09631447367202384,21016,0.03165558140190333,1.491913760581302,1.96627649419018,bfs,100,1,42,2.2254459546286407,1000000,1000,10000,circle
26,2.129131480956617,140356,0.09631447367202384,22016,-0.09507840944248705,1.5101429228308063,1.9672714716898252,bfs,100,1,42,2.2254459546286407,1000000,1000,10000,circle
27,2.129131480956617,140356,0.09631447367202384,23016,0.04045853293916406,1.460165339044659,1.9451547086001892,bfs,100,1,42,2.2254459546286407,1000000,1000,10000,circle
28,2.129131480956617,140356,0.09631447367202384,24016,0.06174090424733731,1.4753144129912958,1.9522076174927552,bfs,100,1,42,2.2254459546286407,1000000,1000,10000,circle
29,2.129131480956617,140356,0.09631447367202384,25016,0.01544775932045156,1.5046008257469252,2.0135177977599885,bfs,100,1,42,2.2254459546286407,1000000,1000,10000,circle
30,2.129131480956617,140356,0.09631447367202384,26016,0.04878508775090924,1.467641515836377,2.0528526195969286,bfs,100,1,42,2.2254459546286407,1000000,1000,10000,circle
1,1.9756745100021362,166194,0.24977144462650447,1006,1.7435116263543915,0.043636576959352066,1.80353214163665,bfs,110,2,42,2.2254459546286407,1000000,1000,10000,circle
2,1.9756745100021362,166194,0.24977144462650447,2006,-0.011644609864256769,1.4811585492262551,1.9648658518979754,bfs,110,2,42,2.2254459546286407,1000000,1000,10000,circle
3,1.9756745100021362,166194,0.24977144462650447,2010,1.667641174342164,0.12403521261348523,1.8014235836289154,bfs,110,2,42,2.2254459546286407,1000000,1000,10000,circle
4,1.9756745100021362,166194,0.24977144462650447,3010,0.025316982338859532,1.4747173929495092,1.9726606066940895,bfs,110,2,42,2.2254459546286407,1000000,1000,10000,circle
5,1.9756745100021362,166194,0.24977144462650447,3012,1.7418176370980802,0.021287117853060478,1.7631047549511407,bfs,110,2,42,2.2254459546286407,1000000,1000,10000,circle
6,1.9756745100021362,166194,0.24977144462650447,4012,0.028423727571984428,1.4771354980071847,1.9322131515579606,bfs,110,2,42,2.2254459546286407,1000000,1000,10000,circle
7,1.9933814054948504,151843,0.23206454913379027,5012,0.00942837466442148,1.4734332610646956,1.9933814054948504,bfs,110,2,42,2.2254459546286407,1000000,1000,10000,circle
8,1.9933814054948504,151843,0.23206454913379027,5016,1.7159158439830382,0.058953145220424184,1.7991720496619887,bfs,110,2,42,2.2254459546286407,1000000,1000,10000,circle
9,1.9933814054948504,151843,0.23206454913379027,6016,-0.006606086007992433,1.5056555830565965,1.9898947098767956,bfs,110,2,42,2.2254459546286407,1000000,1000,10000,circle
10,1.9933814054948504,151843,0.23206454913379027,6018,1.7091683747291149,0.01412208532799919,1.723290460057114,bfs,110,2,42,2.2254459546286407,1000000,1000,10000,circle
11,1.9933814054948504,151843,0.23206454913379027,7018,-0.022725384196637336,1.478078717968341,1.9374054853412706,bfs,110,2,42,2.2254459546286407,1000000,1000,10000,circle
12,1.9933814054948504,151843,0.23206454913379027,8018,0.030162768369603445,1.482870845141336,1.9393246692048016,bfs,110,2,42,2.2254459546286407,1000000,1000,10000,circle
13,1.9933814054948504,151843,0.23206454913379027,9018,0.006806085175734625,1.479103012793366,1.9249656097054182,bfs,110,2,42,2.2254459546286407,1000000,1000,10000,circle
14,1.9933814054948504,151843,0.23206454913379027,10018,-0.02337801941899101,1.4943310898574838,1.9520879064025347,bfs,110,2,42,2.2254459546286407,1000000,1000,10000,circle
15,2.0224902728598675,138759,0.2029556817687732,11018,0.006211566937288439,1.4259853226173458,2.0224902728598675,bfs,110,2,42,2.2254459546286407,1000000,1000,10000,circle
16,2.0224902728598675,138759,0.2029556817687732,11022,1.7130916934172076,0.06199584045659183,1.8028866305527504,bfs,110,2,42,2.2254459546286407,1000000,1000,10000,circle
17,2.0224902728598675,138759,0.2029556817687732,12022,0.01881648516258542,1.4662435282313133,1.95104217160531,bfs,110,2,42,2.2254459546286407,1000000,1000,10000,circle
18,2.0224902728598675,138759,0.2029556817687732,13022,-0.03341232921326025,1.4660046250867997,1.938462140452446,bfs,110,2,42,2.2254459546286407,1000000,1000,10000,circle
19,2.0224902728598675,138759,0.2029556817687732,14022,0.047330940157687414,1.4519643614496083,1.9209386341519452,bfs,110,2,42,2.2254459546286407,1000000,1000,10000,circle
20,2.0224902728598675,138759,0.2029556817687732,15022,-0.005064254603584246,1.4838953810470195,1.9183282887041742,bfs,110,2,42,2.2254459546286407,1000000,1000,10000,circle
21,2.0224902728598675,138759,0.2029556817687732,16022,0.014130705128202792,1.4515322399729378,1.895927557513548,bfs,110,2,42,2.2254459546286407,1000000,1000,10000,circle
22,2.0224902728598675,138759,0.2029556817687732,17022,-0.014539941116501772,1.4822418627895468,1.997597667002224,bfs,110,2,42,2.2254459546286407,1000000,1000,10000,circle
23,2.0224902728598675,138759,0.2029556817687732,17023,1.7101910706460546,0.0,1.7101910706460546,bfs,110,2,42,2.2254459546286407,1000000,1000,10000,circle
24,2.0224902728598675,138759,0.2029556817687732,18023,0.053564169300983865,1.471362448909731,1.9199935113394575,bfs,110,2,42,2.2254459546286407,1000000,1000,10000,circle
25,2.0224902728598675,138759,0.2029556817687732,19023,-0.07625695775293534,1.5127256755689988,1.9693175786565915,bfs,110,2,42,2.2254459546286407,1000000,1000,10000,circle
26,2.0224902728598675,138759,0.2029556817687732,20023,0.06377732321595511,1.4467925744564167,1.9938371994442265,bfs,110,2,42,2.2254459546286407,1000000,1000,10000,circle
27,2.0224902728598675,138759,0.2029556817687732,21023,-0.0018043911619851159,1.4799608364742172,1.965478115746163,bfs,110,2,42,2.2254459546286407,1000000,1000,10000,circle
28,2.0224902728598675,138759,0.2029556817687732,22023,-0.06340115545076318,1.5247123552875406,2.019659721088275,bfs,110,2,42,2.2254459546286407,1000000,1000,10000,circle
29,2.0224902728598675,138759,0.2029556817687732,22025,1.7377660447783256,0.004357416044662443,1.742123460822988,bfs,110,2,42,2.2254459546286407,1000000,1000,10000,circle
30,2.0224902728598675,138759,0.2029556817687732,23025,-0.00551297700951482,1.4996499972329518,1.9819710157755135,bfs,110,2,42,2.2254459546286407,1000000,1000,10000,circle
1,1.9628608226776123,157235,0.2625851319510284,1006,1.7129832226116821,0.0897497567183446,1.8317271156055768,bfs,120,3,42,2.2254459546286407,1000000,1000,10000,circle
2,2.009040198056683,157349,0.21640575657195749,2006,0.0028129418294945818,1.4935919045427941,2.009040198056683,bfs,120,3,42,2.2254459546286407,1000000,1000,10000,circle
3,2.009040198056683,157349,0.21640575657195749,2008,1.7230302302044749,0.030949602137210208,1.753979832341685,bfs,120,3,42,2.2254459546286407,1000000,1000,10000,circle
4,2.009040198056683,157349,0.21640575657195749,3008,-0.011510001038573485,1.4588213568757107,1.9491206729266468,bfs,120,3,42,2.2254459546286407,1000000,1000,10000,circle
5,2.009040198056683,157349,0.21640575657195749,4008,0.0727140667797459,1.4659406262254715,2.0080126096200552,bfs,120,3,42,2.2254459546286407,1000000,1000,10000,circle
6,2.009040198056683,157349,0.21640575657195749,4010,1.7283747232067155,0.0046293109909955055,1.7330040341977109,bfs,120,3,42,2.2254459546286407,1000000,1000,10000,circle
7,2.009040198056683,157349,0.21640575657195749,5010,-0.01665639327886073,1.4841489070074299,1.9950085981371342,bfs,120,3,42,2.2254459546286407,1000000,1000,10000,circle
8,2.009040198056683,157349,0.21640575657195749,5012,1.6619257762779138,0.09237672127072982,1.7543024975486436,bfs,120,3,42,2.2254459546286407,1000000,1000,10000,circle
9,2.14025921251171,173235,0.08518674211693078,6012,-0.00033735691966136727,1.460163603501277,2.14025921251171,bfs,120,3,42,2.2254459546286407,1000000,1000,10000,circle
10,2.14025921251171,173235,0.08518674211693078,6014,1.7006733779622367,0.13685818170996755,1.8375315596722042,bfs,120,3,42,2.2254459546286407,1000000,1000,10000,circle
11,2.14025921251171,173235,0.08518674211693078,7014,-0.008159123951223587,1.4837881442942331,1.9440869098132298,bfs,120,3,42,2.2254459546286407,1000000,1000,10000,circle
12,2.14025921251171,173235,0.08518674211693078,8014,-0.09419098467744927,1.5122176580874942,1.9336786729425008,bfs,120,3,42,2.2254459546286407,1000000,1000,10000,circle
13,2.14025921251171,173235,0.08518674211693078,9014,-0.010144259545820851,1.4680333420546872,1.9734230413546252,bfs,120,3,42,2.2254459546286407,1000000,1000,10000,circle
14,2.14025921251171,173235,0.08518674211693078,10014,0.06583411714203052,1.455585928953524,1.9897881368241754,bfs,120,3,42,2.2254459546286407,1000000,1000,10000,circle
15,2.14025921251171,173235,0.08518674211693078,11014,0.03190215159095733,1.4607006562199754,1.9216236146479422,bfs,120,3,42,2.2254459546286407,1000000,1000,10000,circle
16,2.14025921251171,173235,0.08518674211693078,12014,0.03285272313856846,1.4422744079216798,2.016043842316308,bfs,120,3,42,2.2254459546286407,1000000,1000,10000,circle
17,2.14025921251171,173235,0.08518674211693078,12016,1.6244610780168924,0.007217895153974974,1.6316789731708674,bfs,120,3,42,2.2254459546286407,1000000,1000,10000,circle
18,2.14025921251171,173235,0.08518674211693078,13016,0.0136593123816843,1.4549896093116597,2.0693910306840166,bfs,120,3,42,2.2254459546286407,1000000,1000,10000,circle
19,2.14025921251171,173235,0.08518674211693078,13018,1.6292329733982558,0.0674168314468232,1.696649804845079,bfs,120,3,42,2.2254459546286407,1000000,1000,10000,circle
20,2.14025921251171,173235,0.08518674211693078,14018,-0.06402020148089789,1.4846483398086903,1.9523585101217498,bfs,120,3,42,2.2254459546286407,1000000,1000,10000,circle
21,2.14025921251171,173235,0.08518674211693078,15018,-0.06146661946151427,1.4958882457564397,1.9705251539980768,bfs,120,3,42,2.2254459546286407,1000000,1000,10000,circle
22,2.14025921251171,173235,0.08518674211693078,16018,0.0404319240262413,1.464279191063764,2.0018040849729095,bfs,120,3,42,2.2254459546286407,1000000,1000,10000,circle
23,2.14025921251171,173235,0.08518674211693078,17018,-0.06717383170563039,1.4462018182529277,1.9411440154574304,bfs,120,3,42,2.2254459546286407,1000000,1000,10000,circle
24,2.14025921251171,173235,0.08518674211693078,18018,-0.03219522936802775,1.4860273897299088,1.9921826199700619,bfs,120,3,42,2.2254459546286407,1000000,1000,10000,circle
25,2.14025921251171,173235,0.08518674211693078,19018,-0.03709752340347632,1.528243316658389,1.9865799832156248,bfs,120,3,42,2.2254459546286407,1000000,1000,10000,circle
26,2.14025921251171,173235,0.08518674211693078,20018,-0.036116171991764756,1.4654441453083675,1.9898614265707624,bfs,120,3,42,2.2254459546286407,1000000,1000,10000,circle
27,2.14025921251171,173235,0.08518674211693078,21018,-0.03213198757724813,1.4772708728432125,1.9735742810537493,bfs,120,3,42,2.2254459546286407,1000000,1000,10000,circle
28,2.14025921251171,173235,0.08518674211693078,22018,0.010865022878034971,1.4517160277660528,1.94833238675028,bfs,120,3,42,2.2254459546286407,1000000,1000,10000,circle
29,2.14025921251171,173235,0.08518674211693078,23018,-0.026035669700936546,1.4644631298351947,1.9021572396943993,bfs,120,3,42,2.2254459546286407,1000000,1000,10000,circle
30,2.2121254553463485,161367,0.013320499282292175,24018,-0.06359917393422906,1.4697974824536686,2.2121254553463485,bfs,120,3,42,2.2254459546286407,1000000,1000,10000,circle
1,1.9545735120773315,143347,0.27087244255130916,2000,-0.03136752719031916,1.4840273996905786,1.9442608620720119,sparse_grf,100,1,42,2.2254459546286407,1000000,1000,10000,circle
2,1.9732607635535948,143803,0.2521851910750459,3000,-0.015010112659165471,1.4671727673979043,1.9732607635535948,sparse_grf,100,1,42,2.2254459546286407,1000000,1000,10000,circle
3,2.0836845264396113,175613,0.14176142818902937,4000,-0.03732528970431593,1.4827731317613662,2.0836845264396113,sparse_grf,100,1,42,2.2254459546286407,1000000,1000,10000,circle
4,2.0836845264396113,175613,0.14176142818902937,5000,-0.025810967343259023,1.4905713403721232,1.989095637164176,sparse_grf,100,1,42,2.2254459546286407,1000000,1000,10000,circle
5,2.0836845264396113,175613,0.14176142818902937,6000,0.030868246274024215,1.4715225146569906,2.0785110948375882,sparse_grf,100,1,42,2.2254459546286407,1000000,1000,10000,circle
6,2.0836845264396113,175613,0.14176142818902937,7000,-0.018534257632366432,1.4719170467916227,2.030091571780658,sparse_grf,100,1,42,2.2254459546286407,1000000,1000,10000,circle
7,2.0836845264396113,175613,0.14176142818902937,8000,-0.0200765502212677,1.5186710095093567,1.970180133683066,sparse_grf,100,1,42,2.2254459546286407,1000000,1000,10000,circle
8,2.0836845264396113,175613,0.14176142818902937,9000,0.05558321531545626,1.4496002792595433,1.939092632675821,sparse_grf,100,1,42,2.2254459546286407,1000000,1000,10000,circle
9,2.0836845264396113,175613,0.14176142818902937,10000,-0.07106522913211347,1.505952555571732,1.983629171862726,sparse_grf,100,1,42,2.2254459546286407,1000000,1000,10000,circle
10,2.0836845264396113,175613,0.14176142818902937,11000,0.07659434050032989,1.4461255464520186,1.9253495085321308,sparse_grf,100,1,42,2.2254459546286407,1000000,1000,10000,circle
11,2.0836845264396113,175613,0.14176142818902937,12000,0.06466568139088262,1.4353786973757992,1.9098072532036225,sparse_grf,100,1,42,2.2254459546286407,1000000,1000,10000,circle
12,2.0836845264396113,175613,0.14176142818902937,13000,-0.022190286767799442,1.4766728507027773,1.9810965129508793,sparse_grf,100,1,42,2.2254459546286407,1000000,1000,10000,circle
13,2.0836845264396113,175613,0.14176142818902937,14000,-0.05353584269277376,1.49443168089429,1.9567353380106032,sparse_grf,100,1,42,2.2254459546286407,1000000,1000,10000,circle
14,2.0836845264396113,175613,0.14176142818902937,15000,-0.08598586268821105,1.5237510464796795,2.071523313592345,sparse_grf,100,1,42,2.2254459546286407,1000000,1000,10000,circle
15,2.0836845264396113,175613,0.14176142818902937,16000,-0.004222409154274022,1.477665831385251,2.0080126096200552,sparse_grf,100,1,42,2.2254459546286407,1000000,1000,10000,circle
16,2.0836845264396113,175613,0.14176142818902937,17000,0.057882219247367875,1.469899659335559,2.0085225606101886,sparse_grf,100,1,42,2.2254459546286407,1000000,1000,10000,circle
17,2.0836845264396113,175613,0.14176142818902937,18000,0.027128384055918494,1.4503337449281224,2.036030028735965,sparse_grf,100,1,42,2.2254459546286407,1000000,1000,10000,circle
18,2.0836845264396113,175613,0.14176142818902937,19000,-0.010081536972557086,1.474149361390831,1.976943040048163,sparse_grf,100,1,42,2.2254459546286407,1000000,1000,10000,circle
19,2.114275063607338,166928,0.11117089102130251,20000,-0.011572179345387845,1.512601014573673,2.114275063607338,sparse_grf,100,1,42,2.2254459546286407,1000000,1000,10000,circle
20,2.114275063607338,166928,0.11117089102130251,21000,0.059537772017216516,1.4620523838809785,2.0191472924575833,sparse_grf,100,1,42,2.2254459546286407,1000000,1000,10000,circle
21,2.114275063607338,166928,0.11117089102130251,22000,-0.07215491804362656,1.4715343025431415,1.95441943423741,sparse_grf,100,1,42,2.2254459546286407,1000000,1000,10000,circle
22,2.114275063607338,166928,0.11117089102130251,23000,-0.0040893886716476795,1.4615008258381463,1.956108916890888,sparse_grf,100,1,42,2.2254459546286407,1000000,1000,10000,circle
23,2.114275063607338,166928,0.11117089102130251,24000,-0.10881552037768791,1.5144985424222441,1.9370472951468338,sparse_grf,100,1,42,2.2254459546286407,1000000,1000,10000,circle
24,2.114275063607338,166928,0.11117089102130251,25000,-0.12213950055711109,1.5213148379567065,1.955624315299448,sparse_grf,100,1,42,2.2254459546286407,1000000,1000,10000,circle
25,2.114275063607338,166928,0.11117089102130251,26000,-0.0009908867790324898,1.4685039468544743,1.9129389366111402,sparse_grf,100,1,42,2.2254459546286407,1000000,1000,10000,circle
26,2.114275063607338,166928,0.11117089102130251,27000,-0.058304742326622534,1.482389227681187,2.019935404731922,sparse_grf,100,1,42,2.2254459546286407,1000000,1000,10000,circle
27,2.114275063607338,166928,0.11117089102130251,28000,-0.10554473666732171,1.5407781142152774,1.96370700449984,sparse_grf,100,1,42,2.2254459546286407,1000000,1000,10000,circle
28,2.114275063607338,166928,0.11117089102130251,29000,-0.08515469329436906,1.5365055500861449,1.9820249872862077,sparse_grf,100,1,42,2.2254459546286407,1000000,1000,10000,circle
29,2.114275063607338,166928,0.11117089102130251,30000,-0.04653702541955351,1.4875166684663343,1.9226504932713286,sparse_grf,100,1,42,2.2254459546286407,1000000,1000,10000,circle
30,2.114275063607338,166928,0.11117089102130251,31000,0.007703613910300321,1.47469820882866,1.9481857636197877,sparse_grf,100,1,42,2.2254459546286407,1000000,1000,10000,circle
1,1.9756745100021362,166194,0.24977144462650447,2000,0.018102480802164592,1.451614459724547,1.9702249108131222,sparse_grf,110,2,42,2.2254459546286407,1000000,1000,10000,circle
2,1.9756745100021362,166194,0.24977144462650447,3000,0.003241905272726232,1.4265492269365214,1.938213365439742,sparse_grf,110,2,42,2.2254459546286407,1000000,1000,10000,circle
3,1.9790512187226983,133113,0.2463947359059424,4000,-0.07892132482447482,1.5274629778814766,1.9790512187226983,sparse_grf,110,2,42,2.2254459546286407,1000000,1000,10000,circle
4,1.9960059315991332,116637,0.2294400230295075,5000,-0.04487765603919852,1.5079513826155673,1.9960059315991332,sparse_grf,110,2,42,2.2254459546286407,1000000,1000,10000,circle
5,2.036030028735965,100136,0.18941592589267575,6000,-0.03085275898076244,1.5088819265123063,2.036030028735965,sparse_grf,110,2,42,2.2254459546286407,1000000,1000,10000,circle
6,2.036030028735965,100136,0.18941592589267575,7000,-0.05008331864393824,1.4935515673701032,1.9980274743711568,sparse_grf,110,2,42,2.2254459546286407,1000000,1000,10000,circle
7,2.036030028735965,100136,0.18941592589267575,8000,0.05272754604303003,1.4653332886947017,1.9635866616924162,sparse_grf,110,2,42,2.2254459546286407,1000000,1000,10000,circle
8,2.036030028735965,100136,0.18941592589267575,9000,0.052537137839532275,1.4631693670036066,1.9881623586767116,sparse_grf,110,2,42,2.2254459546286407,1000000,1000,10000,circle
9,2.036030028735965,100136,0.18941592589267575,10000,-0.018402344012881926,1.486191729054515,1.9539219433589152,sparse_grf,110,2,42,2.2254459546286407,1000000,1000,10000,circle
10,2.108210251022296,163793,0.11723570360634472,11000,-0.01430967693633325,1.4465577226473743,2.108210251022296,sparse_grf,110,2,42,2.2254459546286407,1000000,1000,10000,circle
11,2.108210251022296,163793,0.11723570360634472,12000,-0.03185781450783975,1.4990678287438708,1.9331958822054147,sparse_grf,110,2,42,2.2254459546286407,1000000,1000,10000,circle
12,2.108210251022296,163793,0.11723570360634472,13000,-0.01162142632068273,1.4985415041225194,1.9938371994442265,sparse_grf,110,2,42,2.2254459546286407,1000000,1000,10000,circle
13,2.108210251022296,163793,0.11723570360634472,14000,-0.015251715757107398,1.4791419425671852,1.9427282834962045,sparse_grf,110,2,42,2.2254459546286407,1000000,1000,10000,circle
14,2.108210251022296,163793,0.11723570360634472,15000,-0.013926049388300225,1.463940693232818,1.891466615770091,sparse_grf,110,2,42,2.2254459546286407,1000000,1000,10000,circle
15,2.108210251022296,163793,0.11723570360634472,16000,-0.10643611517110652,1.48277831679228,1.9981952504699192,sparse_grf,110,2,42,2.2254459546286407,1000000,1000,10000,circle
16,2.108210251022296,163793,0.11723570360634472,17000,0.053186924735895064,1.4647036445357102,1.9925657763076325,sparse_grf,110,2,42,2.2254459546286407,1000000,1000,10000,circle
17,2.108210251022296,163793,0.11723570360634472,18000,0.08975571194281767,1.4438430816365047,1.966494735046085,sparse_grf,110,2,42,2.2254459546286407,1000000,1000,10000,circle
18,2.108210251022296,163793,0.11723570360634472,19000,0.029011247125088294,1.4918912972299925,1.977516785717844,sparse_grf,110,2,42,2.2254459546286407,1000000,1000,10000,circle
19,2.108210251022296,163793,0.11723570360634472,20000,-0.04423696899930268,1.5152397645909932,1.9808113670946448,sparse_grf,110,2,42,2.2254459546286407,1000000,1000,10000,circle
20,2.108210251022296,163793,0.11723570360634472,21000,0.07811210126005624,1.4453094576806633,2.0296356373293354,sparse_grf,110,2,42,2.2254459546286407,1000000,1000,10000,circle
21,2.108210251022296,163793,0.11723570360634472,22000,-0.05840000187402224,1.4881223304667863,2.056827654968034,sparse_grf,110,2,42,2.2254459546286407,1000000,1000,10000,circle
22,2.108210251022296,163793,0.11723570360634472,23000,0.02011484690021095,1.4481627240366013,2.1047482598805693,sparse_grf,110,2,42,2.2254459546286407,1000000,1000,10000,circle
23,2.108210251022296,163793,0.11723570360634472,24000,-0.05179484852256446,1.4792196404216498,1.990586461987967,sparse_grf,110,2,42,2.2254459546286407,1000000,1000,10000,circle
24,2.108210251022296,163793,0.11723570360634472,25000,-0.00779879687440635,1.4631314920477154,1.965064938143608,sparse_grf,110,2,42,2.2254459546286407,1000000,1000,10000,circle
25,2.108210251022296,163793,0.11723570360634472,26000,-0.023335222376611155,1.4882715172573755,1.9776305696824208,sparse_grf,110,2,42,2.2254459546286407,1000000,1000,10000,circle
26,2.108210251022296,163793,0.11723570360634472,27000,-0.02063622357206729,1.510820456994,1.9641121882740622,sparse_grf,110,2,42,2.2254459546286407,1000000,1000,10000,circle
27,2.108210251022296,163793,0.11723570360634472,28000,0.005896909361676962,1.491360408709095,1.9990811429578288,sparse_grf,110,2,42,2.2254459546286407,1000000,1000,10000,circle
28,2.108210251022296,163793,0.11723570360634472,29000,0.01077655452212516,1.476404774965769,1.979381438060479,sparse_grf,110,2,42,2.2254459546286407,1000000,1000,10000,circle
29,2.108210251022296,163793,0.11723570360634472,30000,-0.03355557687133528,1.4702090568002002,1.9850662194158486,sparse_grf,110,2,42,2.2254459546286407,1000000,1000,10000,circle
30,2.108210251022296,163793,0.11723570360634472,31000,0.0466388067605201,1.4491766089111349,1.9671185648416465,sparse_grf,110,2,42,2.2254459546286407,1000000,1000,10000,circle
1,1.9628608226776123,157235,0.2625851319510284,2000,-0.09585174175523917,1.5253585398039302,1.9393246692048016,sparse_grf,120,3,42,2.2254459546286407,1000000,1000,10000,circle
2,2.019067101095532,140392,0.20637885353310859,3000,-0.05315642187039581,1.4582289073967523,2.019067101095532,sparse_grf,120,3,42,2.2254459546286407,1000000,1000,10000,circle
3,2.019067101095532,140392,0.20637885353310859,4000,0.012069570849707095,1.4668211765489259,1.96041676061725,sparse_grf,120,3,42,2.2254459546286407,1000000,1000,10000,circle
4,2.019067101095532,140392,0.20637885353310859,5000,-0.042546288156909126,1.4748265536434921,2.0144963319488887,sparse_grf,120,3,42,2.2254459546286407,1000000,1000,10000,circle
5,2.019067101095532,140392,0.20637885353310859,6000,-0.032143696472380294,1.4937604831389029,1.9392309707932527,sparse_grf,120,3,42,2.2254459546286407,1000000,1000,10000,circle
6,2.019067101095532,140392,0.20637885353310859,7000,0.020597614681978127,1.469676701928157,1.9423896916456755,sparse_grf,120,3,42,2.2254459546286407,1000000,1000,10000,circle
7,2.024619323872655,139400,0.20082663075598584,8000,-0.024927736451450862,1.477404585530879,2.024619323872655,sparse_grf,120,3,42,2.2254459546286407,1000000,1000,10000,circle
8,2.024619323872655,139400,0.20082663075598584,9000,-0.06679538494717051,1.5244001702006478,1.9833030714687385,sparse_grf,120,3,42,2.2254459546286407,1000000,1000,10000,circle
9,2.0693910306840166,163739,0.15605492394462406,10000,0.0423011301261506,1.4905752460304926,2.0693910306840166,sparse_grf,120,3,42,2.2254459546286407,1000000,1000,10000,circle
10,2.0693910306840166,163739,0.15605492394462406,11000,0.016730891981297118,1.4922712595602132,2.029617518995511,sparse_grf,120,3,42,2.2254459546286407,1000000,1000,10000,circle
11,2.0693910306840166,163739,0.15605492394462406,12000,-0.0022250140365742796,1.4802945183741882,1.9123308482106045,sparse_grf,120,3,42,2.2254459546286407,1000000,1000,10000,circle
12,2.0693910306840166,163739,0.15605492394462406,13000,0.018057028555255105,1.5010359675419362,1.8953386418338807,sparse_grf,120,3,42,2.2254459546286407,1000000,1000,10000,circle
13,2.079237770066853,153461,0.14620818456178775,14000,-0.0457949205847956,1.4680491775032214,2.079237770066853,sparse_grf,120,3,42,2.2254459546286407,1000000,1000,10000,circle
14,2.079237770066853,153461,0.14620818456178775,15000,-0.11623986059475627,1.488400835980195,2.0314069789600335,sparse_grf,120,3,42,2.2254459546286407,1000000,1000,10000,circle
15,2.079237770066853,153461,0.14620818456178775,16000,-0.1467108677181675,1.511349566609008,1.9156205874849412,sparse_grf,120,3,42,2.2254459546286407,1000000,1000,10000,circle
16,2.079237770066853,153461,0.14620818456178775,17000,-0.006007800102558599,1.5012013733229665,1.9511920271520766,sparse_grf,120,3,42,2.2254459546286407,1000000,1000,10000,circle
17,2.079237770066853,153461,0.14620818456178775,18000,-0.09107190983207199,1.5025171323466646,1.9335833381990448,sparse_grf,120,3,42,2.2254459546286407,1000000,1000,10000,circle
18,2.079237770066853,153461,0.14620818456178775,19000,-0.11035851725340784,1.5124126265267193,2.0407948542877925,sparse_grf,120,3,42,2.2254459546286407,1000000,1000,10000,circle
19,2.079237770066853,153461,0.14620818456178775,20000,0.02795680381007655,1.474690207218359,1.9508532711397917,sparse_grf,120,3,42,2.2254459546286407,1000000,1000,10000,circle
20,2.079237770066853,153461,0.14620818456178775,21000,-0.11745413854882397,1.4879561533686045,1.958301685433839,sparse_grf,120,3,42,2.2254459546286407,1000000,1000,10000,circle
21,2.079237770066853,153461,0.14620818456178775,22000,0.007484403223036347,1.4313598408353574,1.9466752333114814,sparse_grf,120,3,42,2.2254459546286407,1000000,1000,10000,circle
22,2.079237770066853,153461,0.14620818456178775,23000,0.002790353756450173,1.4492976712314072,1.9958972896187792,sparse_grf,120,3,42,2.2254459546286407,1000000,1000,10000,circle
23,2.079237770066853,153461,0.14620818456178775,24000,0.022173833181112733,1.470459923907851,1.9788115672056106,sparse_grf,120,3,42,2.2254459546286407,1000000,1000,10000,circle
24,2.079237770066853,153461,0.14620818456178775,25000,-0.16271277032637071,1.5120069944128374,2.00704075774632,sparse_grf,120,3,42,2.2254459546286407,1000000,1000,10000,circle
25,2.079237770066853,153461,0.14620818456178775,26000,-0.07424862683535205,1.4962367924722206,1.955720413153037,sparse_grf,120,3,42,2.2254459546286407,1000000,1000,10000,circle
26,2.079237770066853,153461,0.14620818456178775,27000,0.02919707024518773,1.4428063654921621,2.071523313592345,sparse_grf,120,3,42,2.2254459546286407,1000000,1000,10000,circle
27,2.079237770066853,153461,0.14620818456178775,28000,0.03599032254696633,1.4418221084252294,1.934589920607174,sparse_grf,120,3,42,2.2254459546286407,1000000,1000,10000,circle
28,2.079237770066853,153461,0.14620818456178775,29000,0.18798283419769507,1.405949550497167,1.9826228959064063,sparse_grf,120,3,42,2.2254459546286407,1000000,1000,10000,circle
29,2.079237770066853,153461,0.14620818456178775,30000,0.09630661025930015,1.4374533938506755,2.0680904377748988,sparse_grf,120,3,42,2.2254459546286407,1000000,1000,10000,circle
30,2.079237770066853,153461,0.14620818456178775,31000,0.017421503428147057,1.4550224285450288,2.033819526017117,sparse_grf,120,3,42,2.2254459546286407,1000000,1000,10000,circle
